product_id,product_name,ingredient_id,ingredient_name,manufacturer_id,manufacturer_name,disease_id,disease_name
2100,DrugaLVP,22101,IngredientltVU,574718,ManufactureroPJi,6798479,DiseaseEvRS
9187,DrugidWa,38197,IngredientAIly,297410,ManufacturerxDMT,5901178,DiseaseVsUq
2775,DrugxIVM,87415,IngredientphVk,167427,ManufacturerXbhO,8821791,DiseasejDsF
2142,DrugpVPh,13521,IngredientCAKf,932318,ManufacturercRsC,8619027,Diseasezreu
2323,DrugGyRv,99663,IngredientnXZe,161618,ManufacturerGmXJ,4396943,DiseaseOQcg
7326,DrugDXLx,92292,IngredientgsFz,323218,ManufacturerCfCn,7475708,DiseaseWTIQ
1330,DrugMQIv,61140,IngredientBtyB,829982,ManufacturermVRJ,3691592,DiseaseIgQX
5057,DrugRffk,62693,IngredientUvSr,341953,ManufacturermIul,4212750,DiseaseHsfa
3001,DrugBhpd,90622,IngredientPhmO,952071,ManufacturerVWsT,8609906,DiseaseaWkc
3439,DrugbBSi,21272,IngredientpFWg,181210,ManufacturerUJgF,5324931,DiseasennJE
9493,DrugWeCu,56001,IngredientJMoA,231793,ManufacturerCppS,4035100,DiseasePifh
8601,DrugFZxc,97974,IngredientVqwi,812191,ManufacturerbxCB,9329882,DiseaseVCuB
2376,DrugSBvu,72286,Ingredientzhiq,979121,ManufacturerGafx,2845783,DiseaseGtns
6431,DrugoeLa,70399,Ingredientkohq,445966,ManufacturerVyZu,7045246,Diseasenazs
9033,DrugBZSp,27832,IngredientlzlC,219911,ManufacturerGams,2227039,DiseaseIBbw
9345,DrugjSsS,89576,IngredientdthD,758581,ManufacturerQtry,8516138,DiseaseaMeT
6990,DrugODEk,37352,IngredientQgjy,654937,ManufacturerFUAY,5742843,DiseaseofcW
6007,DrugnGmt,37420,IngredientOjIw,528999,ManufacturervJYu,8768750,DiseaseWZSD
5376,DrugFnFS,78415,IngredientBbZa,764120,ManufacturerWvEb,9392822,DiseasemAnp
7996,DrugcFRl,66262,IngredientJbGk,156475,ManufacturerTIAo,9755426,DiseaseFpkl
7415,DrugodDa,21340,IngredientptJz,530856,ManufacturerMfXm,4276831,DiseaseQRvT
1382,DrugemRz,52964,IngredientUErJ,315849,ManufacturerGnHQ,1998314,DiseasecCGe
8416,DruggdEm,50674,IngredientKeWa,376901,ManufacturerPhHe,4787561,DiseasezGCO
9153,DrugHSsi,43083,IngredientSCTa,227116,ManufacturerszZc,9181230,DiseaseMEPu
4840,DrugCfeG,65331,IngredientcfnJ,814971,ManufacturerZAKg,5105393,DiseaseaXIR
5779,DrugXaEv,47305,IngredientGgCq,695962,ManufacturerrsCZ,2544342,DiseaseajJU
3415,DrugLORP,22302,IngredientmbsM,399695,ManufacturerXbPa,4378789,DiseaseVUzT
8967,DrugPgBy,15756,IngredientyeWO,849092,ManufacturerlkXG,2714712,DiseaseuZMv
1348,DrugcCKm,66173,Ingredientkbqq,525425,ManufacturerdYPI,3931383,DiseaseOsDi
3097,DrugOBKa,11426,IngredientHqeF,425583,ManufacturerssUT,9967471,DiseasefjSv
6036,DrugAXWZ,85354,IngredientSkAB,129107,ManufacturercqIj,7652732,DiseaseJGjq
7680,DrugGeWK,81170,IngredientGVwx,842361,ManufacturerYLho,8695464,DiseaseepvZ
6326,DrugeXay,84373,IngredientyvYX,890751,ManufacturervNeN,9849784,DiseaseoGYl
2855,DrugXXQF,61153,IngredientkPbd,869311,ManufacturerCfHl,8556257,DiseaseaLjN
4173,DrugDCGl,25144,IngredientaewT,591382,ManufacturerdaRf,5939021,DiseasenkDs
2677,DrugJTlL,66702,IngredientlgkJ,561005,ManufacturerMWqY,7302436,DiseasezXqD
9158,DrugkGKS,70431,Ingredientzxfl,873888,ManufacturerBsfJ,6160694,DiseasepdQk
8166,DrughPhF,13746,IngredientUiBp,788523,ManufacturerODti,2458988,DiseaseMTAC
5029,DrugZkCf,15746,IngredientbwYk,642909,ManufacturerroYV,7712040,DiseasehcQG
1696,DrugmZOB,70553,IngredientnXjA,549613,ManufacturerqQHR,1803511,DiseasegLGj
2569,DrugcLZk,75085,IngredientYdTY,780260,ManufacturersKqA,3051187,DiseasefXms
8920,DrugWLrG,79123,IngredientyCCd,563569,ManufacturerUJOT,8693671,DiseasepXBl
3004,DrugYXeW,26500,IngredientAWrq,645411,ManufacturerMmaz,4720096,DiseaseWyxJ
1244,DrugILNI,14677,IngredientjpOh,883946,ManufacturerJLBZ,7780384,DiseasekyQo
8132,DrugeMHz,37007,IngredientiADQ,446935,ManufacturerISsm,3787643,DiseaseFoDo
7366,DrugExqv,58533,IngredientRkkN,479764,ManufacturerUnbU,8219370,DiseaseZaQr
6795,DrugmXrB,13554,IngredientkbIv,650680,ManufacturerUoND,3984925,DiseaseTkGG
1981,DrugDFMM,80076,IngredientiqqM,131405,ManufacturerqupY,9300079,DiseasefUcU
3703,DrugWXri,92855,IngredientCXIf,917174,ManufacturerWfzz,6746849,DiseasewnKd
4793,DrugJZqK,51291,IngredientMtqF,967945,ManufacturermMCB,5148378,DiseaseIwFH
7970,DrugRtyU,17872,IngredientqSBQ,362496,ManufacturerxKha,2249483,DiseasehhUX
3172,DrugYyUu,21403,IngredientKhUI,271322,ManufacturerpCio,9731297,DiseaseFANZ
8172,DrugkKWc,64902,Ingredienttjor,962373,ManufacturerruPb,8878035,DiseaseNgki
3694,DrugFEwn,67474,IngredientULvE,998891,ManufacturerxtmT,2083641,DiseaseGDtF
1264,DrugrmyY,23962,IngredientRyCZ,286776,ManufacturerIFYm,4060494,Diseasesqtr
8934,DrugIrYq,19434,IngredientCOfG,370871,ManufacturerYvaE,4044501,DiseaseuCUz
2877,DrugHseA,67720,Ingredientdyim,500004,ManufacturerQrRN,6699575,DiseaseQSUH
9621,DrugPycI,69655,IngredientHviN,549383,ManufacturerAQuV,7659829,DiseaseKVuW
3018,DrughRfb,57792,IngredientXOdD,817421,ManufacturerQgHe,3692238,DiseasezQJe
5547,DrugdSKt,24899,IngredientKNFf,618304,ManufacturerdUYg,7209509,DiseaseLTPU
4771,DrugvsEC,21679,IngredientnwbH,193504,ManufacturerQeQR,9803010,DiseaseCUKZ
6136,DrugXZBI,24586,IngredientffOz,717948,ManufacturervkPk,7492886,DiseasejsgN
7923,DrugRsYN,61648,IngredientzMfP,637867,ManufacturerOPdr,8501260,DiseaselAzf
6735,DrugWKUA,31220,IngredientaGyI,512051,ManufacturerAPkn,1131005,DiseasexkeI
1663,DrugsUQp,42433,IngredienttmgG,746330,ManufacturerRjrW,1257804,DiseasePfld
2256,Druglrki,66296,IngredientYxcD,637819,ManufacturerQoUR,3840826,DiseaseMdPz
7659,DrugMTch,71692,IngredientJuSJ,835324,ManufacturerJJAQ,6408014,DiseaseSAme
3364,DrugPSKo,15675,IngredientzIBX,442121,ManufacturerImjT,8600269,DiseaseWyNJ
8339,DrugQoqO,82189,IngredientdsMf,180369,Manufacturermqok,8108979,DiseaseoCir
3240,DrugFyOa,28462,IngredientcdPX,129734,ManufacturerXFRM,2125456,DiseaseocfY
7168,DrugNxIW,44861,Ingredientcihc,213780,ManufacturermcOc,8546668,DiseaseuIad
5210,DruguThE,34969,IngredientWXRE,442898,ManufacturerRHiT,7872891,DiseasebmCX
9201,DrugnXMa,27597,IngredientgNDr,815045,Manufacturerjcot,4465583,DiseasevWGi
4407,DrugaWgE,10275,IngredientXXBE,418355,ManufacturerDAYJ,3208995,DiseasergTU
8176,DrugaqRH,60521,IngredientYnZu,931376,ManufacturerrdPw,3767846,DiseasexmJE
3645,DrugvyZP,96983,IngredientisaL,706315,ManufactureraHQc,3911056,DiseasetMWJ
2986,DrugeczM,18544,IngredientMRPS,752540,ManufacturerWkQJ,8538207,DiseaseYxGo
4361,DrugbbcL,81317,IngredientTeuY,780982,Manufacturerbuuv,2441376,DiseasegySQ
6769,DrugCKRI,23200,IngredientmrBw,706591,ManufacturerRmfm,5810122,DiseaseLXIb
5908,DrugncDh,14016,IngredientYHis,658884,ManufacturerHHiA,2920534,DiseaseOUTT
3364,Drugledf,11054,IngredientedyS,632785,ManufacturerTije,8166802,DiseasevgWo
3830,DrugUvzU,73390,IngredientAkbo,242368,ManufacturerMQgw,2046217,DiseaseGLbI
3571,DruggACL,30928,IngredientOZYx,612300,Manufacturerkwni,1831754,DiseasekiiD
8830,DrugwVan,62567,IngredientDBQm,757970,ManufacturerVjQT,5323243,DiseasePtzF
5191,DrugMxQX,89923,IngredienttSJu,682636,ManufacturerxdlY,8004695,DiseaseSpki
9652,DrugQLjl,50229,IngredientRBMu,570292,ManufacturerDSYi,2912337,DiseasecRhs
2078,DrugkrTF,83537,IngredientuFjl,258852,ManufacturerqNOw,6705765,DiseaseFdNc
3545,DrugIkhX,47265,IngredientcmVZ,287974,ManufacturercvVh,4408820,DiseaseQHGs
1147,DrugraWj,54472,IngredientTLns,197329,ManufacturerIkYB,7745470,DiseaseccAH
3622,DrugUUkq,24336,IngredientEKss,439853,ManufacturerOxsB,5320059,DiseaseXeVR
1972,DrugIFnE,42990,IngredientUtYZ,373743,Manufacturergaji,7077373,DiseaseAiNr
6957,DrugMBtt,56400,IngredientRsio,949078,ManufacturerwswB,7415745,DiseasecKAc
9552,DrugIxmf,32911,IngredientvOdH,239944,ManufacturerXJAc,1153588,DiseasegKhK
1054,DrugTRxw,83846,IngredientIejI,669789,ManufacturerXTnG,2329229,DiseaseBvkd
9263,DrugEQeg,79246,IngredientISEb,516820,ManufacturerXUKi,8970456,DiseaseCHYN
7694,DrugQsDx,62268,IngredientBqqo,427679,Manufacturergbtx,6854606,DiseasewjpL
3173,DrughFgQ,89360,IngredientbXGc,624166,ManufacturerabsQ,5191455,DiseasefVvA
3021,DrugSnzI,18943,IngredientBfpU,130752,ManufacturerfkMd,4720438,DiseasehhGw
7143,DrugVlmt,24742,IngredientHcYf,562657,Manufacturereevk,1205288,DiseaseHdra
1216,DrugItym,68068,IngredientbAOc,378726,ManufacturerEEKg,4085890,DiseasekXtG
5726,DrugvHCC,24960,IngredientSFid,669404,Manufacturerxqqk,4775446,DiseasetEVK
2085,DrugZPgl,31909,IngredientThaE,704483,ManufacturerACDt,1154652,DiseaseRJzT
5252,DrugpgJl,19668,IngredientioFU,609093,ManufacturerVqPE,7186586,DiseaserJmO
6868,DrugBNue,10246,IngredientydTk,292373,ManufacturerdhAQ,1914287,DiseasemtCh
2701,DrugngcW,75849,IngredientqklM,757986,ManufacturerUizS,1738469,DiseaserZac
6008,DrugcAyY,58281,IngredientLigm,432986,ManufacturermYmx,6321396,DiseaseyNAI
4326,DrugauAq,59430,IngredientARwt,476526,ManufacturerpVwq,3502294,DiseaseWGGT
6177,DrugHUXq,48641,IngredientAsQH,586415,ManufacturerdScR,9480161,DiseaseUrrD
8014,DrugGxoN,90411,IngredientCamO,929868,ManufacturerDzLq,3713026,DiseasevZZE
2949,DrugFyfU,79298,IngredientJicg,646105,ManufacturerayIJ,1497405,DiseasebGgm
1693,DrugxSKn,40995,IngredientzXgh,664077,ManufacturerFlyU,1245701,DiseaselWCO
2842,DrugXDeR,66840,IngredientwLCF,339412,ManufacturerkwIS,7554812,DiseaseNsUA
7519,DrugcGdv,99037,IngredientmRSN,608475,ManufacturerJGjt,9298656,DiseaseQImg
3295,DrugShee,40640,IngredientDpQX,217569,ManufacturerfbFS,7885678,Diseaselyet
9005,DrugKXWg,74329,Ingredientyibw,563731,ManufacturerFvbU,7689357,DiseaseQmtM
1830,DrugaSwy,47655,IngredientRslN,976973,ManufacturerRKcI,7046050,DiseaselTpH
3507,DrugRUEA,57791,IngredientAnxN,639047,ManufacturerCpPo,8105061,DiseaseNkxi
8061,DrughLzg,55878,IngredientbKjT,420723,ManufacturermKPj,3827537,DiseasewBLT
7005,DrugnQCg,36250,IngredientAeDI,463217,ManufacturerPXEi,6912248,Diseasexnex
9531,DrugrRMl,42743,IngredientLCdY,247339,ManufacturerpcCK,2461599,DiseaseiZzF
2894,DrugCGUt,65392,IngredientEnyv,459546,ManufacturerTFBE,5214173,DiseaseaTMQ
4776,DrugflNs,48864,IngredientLIpK,712478,ManufacturerBKxE,9924275,DiseasehQwY
7956,DrugbuFX,76661,IngredientLMys,103425,ManufacturernBSe,2506900,DiseaseizmF
8110,DrugSOzy,57477,IngredientVBoZ,377700,ManufacturerrNMR,7221742,DiseaseVeVe
9575,DrugNVyx,76405,IngredientdLpk,136305,ManufacturerLsTj,7170715,DiseaseadNc
1322,DrugrGQk,71095,IngredientQPRV,815729,ManufacturerzgRX,8242885,DiseaseSnVa
8905,DrugAuGI,53180,IngredientvBrL,521182,ManufacturerfWzo,9698699,DiseasesiaU
7101,DrugFEDq,82371,IngredientyZNZ,977956,ManufacturerJvpS,7901822,DiseaseMjwN
6497,DrugZouC,26765,IngredientfwZi,605613,ManufacturerjVYg,8672775,DiseaseUmKx
7506,DruguhjB,57920,IngredientNMPI,990848,ManufacturerhxLb,4955348,DiseaseRIJW
2644,DruggVah,30664,Ingredientahxe,298448,ManufacturerixKy,2820261,DiseasezIPR
8044,DrugjSoN,33524,IngredientuVlt,840777,Manufacturerdkwj,6500524,DiseasethWq
9435,DrugAWHu,61744,IngredientcxDW,633845,ManufactureracLN,6173796,DiseaseMWJH
3084,DruguJcg,72650,IngredientyqWx,483700,ManufacturerxLux,6045494,DiseaseULmY
4161,DrugyzmX,52482,IngredientSWgo,409330,ManufacturerrXoe,1313142,DiseaseUlOW
6929,DrugNVMA,37156,IngredientOnta,442743,ManufacturerIVyV,4919409,DiseasevfYv
8553,DrugJOvj,16298,IngredientbYBK,177486,ManufacturerrYaX,1147467,DiseaseGzgx
4079,DrugscSn,45373,IngredientzVZZ,473478,ManufacturerXbGC,9854795,DiseaseGtSc
6095,DrugPRFz,27206,IngredientajYH,155541,ManufacturerwucL,6502405,Diseasedcwa
9085,DrugYZoK,76218,IngredientDlyj,995042,ManufacturerMrQz,3597930,DiseaseZKiG
1917,DrugoDjs,41266,IngredientyOfk,230230,ManufacturerdCVP,6922957,DiseasedWIQ
7647,DrugxxEH,41354,IngredientOmpH,220334,ManufacturerkdHq,3403296,DiseasePKdW
8524,DrugrGdC,92077,IngredienthzDs,622321,Manufactureratdq,3332349,DiseaseMJzl
1112,DrugaiOd,37865,IngredientaQeY,122692,ManufacturerJZkS,7185882,DiseasegcFH
8899,DrugqTJV,77452,IngredientgJbR,101524,ManufacturerhGEz,8892628,DiseaseWZBR
8050,DrugoNMk,88374,IngredientLGdu,437948,ManufacturerFAJs,4860951,DiseasezztA
9710,DrugjpzR,95275,IngredientkYBh,187269,ManufacturerCcuu,7112456,Diseasejskh
9927,DrugGywb,83274,IngredientKIiu,447339,ManufacturerGcxw,9520531,DiseasepfRv
6680,DrugIaaa,96486,Ingredientbohz,691851,ManufacturerCwmS,6689971,DiseasenlEe
2310,DrugNDmo,69547,IngredientGUuE,326262,ManufacturerhjZq,2716981,DiseasegLDu
5962,DrugyzWz,11835,IngredientWVEI,667129,ManufacturerlPzz,5228521,DiseasebpPv
1534,DrugiycZ,57718,Ingredientttqs,151361,ManufacturerroSp,9299284,DiseaseHmzk
8561,DrugqASq,13511,IngredientmAPh,336657,ManufacturerCoHz,5048062,DiseasegcTv
8924,DrugMdJc,71208,IngredientIdfL,474189,ManufactureriZkZ,1044000,DiseaseToxa
6439,DruguOLK,66807,IngredienthjmY,785989,ManufacturersFQX,7722067,DiseaseiBer
7778,DrugFQIC,28984,IngredientJiiJ,243101,ManufacturerATSm,9652088,DiseasetoON
3965,DrugUPzd,83368,IngredientDjFm,106469,ManufactureriNnp,7730558,DiseasepznV
3170,DruglNpW,21591,Ingredientgfuq,199938,ManufacturerCReI,7549189,Diseaseapoa
4964,DrugPsYb,44389,IngredientVCCa,400301,ManufacturerQXCV,9741326,DiseasetcUo
9112,DrugJlrk,96310,IngredientaHDP,611899,ManufacturerNgiD,6020472,DiseaseEJZH
4145,DrugSWym,50479,IngredientsUEI,492008,ManufacturerUaba,6143956,DiseasePbPN
2276,DrugFWtS,53704,IngredientgBTg,734698,ManufacturerjHte,4805149,DiseasePlVl
4816,DrugOcxr,54471,IngredientkcrA,737196,ManufacturerawIm,5925619,DiseaseuaWA
6399,DrugwjUi,33112,IngredientxTPC,735577,ManufacturerRbPX,5059495,DiseaselAQn
8715,DrugKHAI,17715,IngredientbQIU,515100,ManufacturerlQPq,7444320,DiseasegdOg
7886,DrugATff,50047,IngredientsosU,679309,ManufacturerJCVi,8367179,DiseasebCmT
1116,DrugGBex,92948,IngredientRGsy,914477,ManufacturerOryQ,1527088,DiseaseFyWG
2819,DrugDmcR,58150,IngredientzWwL,901952,ManufacturerNIEC,8897916,Diseasevhmo
8105,DrugzrBa,50302,IngredientrIwz,518391,ManufacturerDPJs,6004993,DiseaseQoIp
8775,DrugRgVo,17206,IngredientzkfQ,528588,ManufacturerRalS,4117764,DiseasezWNl
8917,DrugxtWM,78450,IngredientWnln,591321,ManufacturerDjiN,4209063,DiseaseHdut
7083,Drugkahx,40337,Ingredientkeig,949681,ManufacturerLCZW,3122599,DiseaseSDOw
6375,DrugCvdM,56940,IngredientybtT,158938,ManufacturertWoF,9592280,DiseasetDzr
8690,DruggcvS,82161,IngredientVPjH,171212,ManufacturerXAwA,4980696,DiseaseopxR
7295,DrugXarm,53637,IngredientjEiz,403665,ManufacturerBTFA,6889387,Diseaseeyuj
4402,DrugVxBt,94075,IngredientdDnH,594920,ManufacturerpZyZ,3311044,DiseasedAzu
2287,DrugNjCF,62214,Ingredientfwmh,836158,ManufacturerPkfy,2555492,DiseasekPMV
7932,DrugDXvO,42509,IngredientdqLa,164530,ManufactureriVjG,1079796,DiseaseuuGt
6610,DrugXXIB,83237,IngredientoMPu,386157,ManufacturerpGjC,8600844,DiseaseOjPG
5286,DrugytPX,70580,IngredientuAuu,998170,Manufacturerkanh,9104391,DiseasevCxE
1996,DrugESgN,33284,IngredientsKWW,375851,ManufacturerArSY,7686559,DiseaseyeZg
2137,DrugwEQw,39338,IngredientLwLw,409446,ManufacturerOFTr,5560304,DiseasewTtT
3588,DrugyAVM,90654,IngredientIrCX,607858,ManufacturernhvP,4724320,DiseaseiLRQ
7347,DrugevDD,55389,IngredientMMfE,240933,ManufacturerBGXj,9377537,DiseaseywNT
1607,DrugtQxj,11529,Ingredienteggc,928468,ManufacturersQIv,3772638,Diseaseveyi
6511,DruglNii,91350,IngredientIuzE,716283,ManufacturerNTsq,4572185,DiseasexvjO
7453,DrugqcQk,58877,IngredientOuPU,712776,ManufacturerIeaz,9012558,DiseaseiBUD
2819,DrugXNAc,46520,IngredientmnMy,679318,ManufacturerobDc,6304269,DiseasesHaY
4987,DrugDzpz,98355,IngredientIQxo,869030,ManufacturerCrRz,4531092,DiseaseYRaS
1261,DrugESHR,56620,IngredientnyDF,851646,ManufacturerHBaP,3535909,DiseasexWmV
2769,DruglVYI,92123,IngredientoeBS,562375,ManufacturerZBCU,6338866,DiseaseHMvS
4151,DrugtMod,21337,IngredientEENH,151695,ManufacturerfzUd,1678877,DiseaseBpmC
7614,Drugyojq,77224,IngredientwQfd,550826,ManufacturernRsc,8290202,DiseaseRJvz
9169,DrugqcOt,66010,IngredientFoSI,876798,Manufacturerxdyq,3084380,DiseaseMWKo
7235,DrugFaLO,17455,IngredientXvCw,767036,ManufacturerOHZl,6859157,DiseaseCqvu
7449,DrugRHNZ,22089,IngredientjkqA,543525,ManufacturerOZZv,1758762,DiseasenwYf
3417,DrugaBav,40481,IngredientsNSK,696876,ManufacturerrleN,2277758,Diseaseqeqm
2977,DrugJMtg,56168,IngredientucMy,654901,ManufacturercaLl,7631956,DiseaseBlbC
1780,DrugUWCj,33252,IngredientsLWD,363017,ManufacturerlxPE,2932055,DiseaseSgCl
9065,DrugEeep,18816,IngredientSZtB,423202,Manufacturerxcnq,9313286,DiseasesVwk
9217,Druggzdg,68790,Ingredientopgd,300547,ManufacturerXoeQ,2371023,DiseasezWdC
6263,DrugFRUO,77501,IngredientRjtZ,656429,ManufacturerLLZd,6944378,DiseaseLTpv
2807,DruguBOi,41658,IngredientNarG,171540,ManufacturerrtKT,7378530,DiseasehZfK
9256,DrugiMrp,55259,IngredientnviN,280483,ManufactureryUyl,3260072,DiseaseaXtU
7498,DrugFaKc,85477,IngredientPjIv,808547,ManufacturerUOYs,6086784,DiseaseNueD
8445,DrugNZgw,78237,IngredientRMHK,275696,ManufacturervtBn,3851043,DiseaseRhhY
2707,DrugKkVa,21311,IngredientaKsq,670303,ManufacturerMgvg,7799319,DiseaseCuvd
4270,DrugZJMN,20807,IngredientMWkg,672952,ManufacturerHboi,6941944,DiseaseaMAw
2078,DruggBvW,50116,IngredienttrYq,451287,ManufacturerAtLd,2577020,DiseaseUJHH
8331,DrugRXTG,28465,IngredientgnTz,544638,ManufacturerNCuy,3002096,DiseaseiMij
1162,DrugqmDE,60872,IngredientHtZl,209671,ManufactureraHNm,9708873,DiseaseAEzF
7678,DrugOEvu,16756,IngredientKwjV,447277,ManufacturerLLnb,6711447,DiseaseBGvu
5742,DruglsFc,25835,IngredientvwCL,473534,ManufacturerPKEZ,2250061,DiseasenxaQ
6818,DrugZWbp,48179,IngredientiAiB,963997,ManufacturerkGUo,4786260,DiseasekPlg
1101,DrugLsbh,33323,IngredientwlWU,187020,ManufacturervHVX,3476009,DiseaseJvYj
5967,Drugdmsv,93869,IngredientEhPg,302156,ManufacturerNeDB,6258927,DiseasePfVm
3672,DrugYucn,23166,IngredientFFQE,926248,ManufacturerrWiE,4522520,DiseaseSMYW
1967,DrugJDUP,20303,IngredienthmGV,442954,ManufacturerBnGK,6048033,DiseaseKpCW
2893,DrugwKTj,32562,IngredientrOUl,194059,ManufacturerEWnd,5396759,DiseaseYXIr
9906,DrughfNB,31050,IngredientqYqC,762245,ManufacturerdRQE,4949546,Diseasekaqt
7069,DrugbhNh,17591,IngredientXRQD,464121,ManufacturerGaUm,2281189,DiseaseJuIr
7388,DrugQmyV,14837,IngredientyIrw,881004,ManufacturerMBBS,4392787,DiseasemTub
9693,DrugSQxY,81929,IngredienthTcw,852813,ManufacturerEoaU,7603909,DiseaseXxHt
6363,DrugENAD,97281,IngredientlALl,976159,ManufactureryEAw,6390774,DiseaseBmLF
2351,DrugEkvj,91941,IngredientVpcf,404056,ManufacturergFzc,4283742,DiseaseIxug
1996,DrugFUDR,21177,IngredientNrpn,254552,ManufacturervmwG,6457713,DiseaseaSqP
1296,DruguyJv,74996,IngredientgnSs,875807,ManufacturervpJU,1761634,DiseaseuBgJ
1651,DrugJoMO,91215,IngredientcjTv,319083,Manufacturerhnlu,1946091,DiseaseBgTT
6187,DrugKqVW,26501,IngredientgzQs,758737,ManufactureroWqu,4203676,DiseaseExbd
2384,DrugNybT,60222,IngredientunDq,364589,ManufacturerZeVW,6914653,DiseaseZDJq
1590,DrugUvPy,49163,IngredientEIML,166503,ManufactureriGYI,9969453,DiseasefoiJ
8989,DrugLnxk,88687,IngredientKUwb,614620,ManufacturerqFvf,1180854,Diseaseesso
2736,DrugboJN,69386,Ingredientxjul,792452,ManufacturerUqBI,9999716,DiseasexDVf
3192,DrugoEyf,66917,IngredientTogw,117672,ManufacturercPZE,2135386,DiseaseutJy
4905,DrugtLoU,90698,IngredientRzUu,301080,ManufacturerLeqH,3045098,DiseaseWLfy
6767,Drugkiiq,61964,IngredientOrzA,424380,ManufacturerFgcP,6419906,DiseaseVUqh
9667,DrugVlnY,47015,IngredientsCpN,193308,ManufacturervEFU,1336548,DiseaseqXYh
3228,DrugfzVW,14276,IngredientouYu,784626,ManufacturerXeXa,3512487,DiseaseDHFx
4192,DrugZHpa,79077,IngredientsTBj,629674,ManufacturernwOB,9931315,DiseaseTfHI
6657,Drugxjao,84298,IngredientHeSG,653673,ManufacturerVoir,3849965,Diseasejvoe
1409,DrugbCSf,33850,IngredientamBq,369495,ManufacturerAQyr,2188093,DiseaseXzTk
6978,DrugjMZm,56033,IngredientYkfb,596086,ManufacturertGiv,6669931,DiseaseRnMp
7394,DrugTucq,37696,IngredientjOet,532757,ManufacturernYhH,3644278,DiseaserYlb
6186,DrugvkAm,44686,IngredientOhfx,201104,ManufacturerQBtn,8165647,DiseaseykQD
1962,DrugjboY,56885,IngredientcYsK,264833,ManufacturerSmda,6426953,DiseaseDeMM
2245,DrugKbqW,14474,IngredientEpnP,542702,ManufacturerRAlH,8014748,DiseasekMye
5836,DruglJnt,13662,IngredientzFif,249729,ManufacturerWgfg,8843328,DiseaseRHCJ
7589,Drugecii,44249,IngredienthMBc,213298,ManufacturerhiGk,8667541,DiseaseAxPw
9808,DrugKjjc,29924,IngredientJQdt,947419,ManufacturertUUO,9831104,DiseaseYFaX
9489,DrugGAlw,56736,IngredientKduW,381123,ManufacturersVuR,8875314,DiseasenDrv
1743,DrugbXvz,29776,IngredientbBGf,619748,ManufacturerHHla,1886694,DiseaseNeVo
4036,DrugrsXv,73956,IngredientROLS,172513,ManufacturerkWYq,9325120,DiseaseHDbh
8249,DrugyKpf,83135,IngredienttuCQ,585812,ManufacturerVmyb,2622366,DiseasefpXJ
2675,DrugNRJs,93489,IngredientVnsq,568654,ManufacturerkXZD,1707458,DiseaseEGQn
8726,DrugjMgp,84180,IngredientqeLa,744277,Manufacturerrjzd,8767876,DiseaseLqzN
8332,DrugjFqs,54271,IngredientmuWf,676876,ManufacturerUGyw,2888236,DiseasekaWc
4625,DrugSzWO,20372,IngredientnpRZ,151964,ManufacturerTSmE,6302090,DiseaseYrle
8149,DrugKzcE,99590,IngredientgGaA,357934,ManufacturersMIK,3614132,DiseaseOHdI
7546,DruglkGb,51103,IngredienteUCX,577522,ManufacturerZYkr,1071065,DiseaseGxCj
5545,DrugJuFh,99438,IngredientLLEe,411206,ManufacturerFyNx,1482052,DiseaseOFHU
9432,DrugDcjR,87008,IngredientdqaM,166336,ManufacturerAeel,2881751,DiseaseJJCT
5365,DrugjSLh,72841,IngredientBlqE,877429,ManufacturerqDyO,8745136,DiseaseObNd
6914,DrugODgB,62466,Ingredientjjnv,453246,ManufacturerKfTl,8550934,DiseasemXKu
3109,DrugqPMu,21868,IngredientBaQg,756900,ManufacturervFiq,5445083,DiseaseUufA
9574,DrugpZhS,73832,Ingredientcrah,136709,ManufacturertApQ,1687873,DiseaseCxXC
8642,DrugEeEY,91027,IngredientbUlL,973512,Manufactureriwta,4694159,DiseaseJtZL
7889,Drugirnq,31810,IngredientySHg,995283,ManufacturerWtuy,8924068,DiseasePZZU
2973,DrugjTfJ,50628,IngredientQthv,723825,ManufacturerKXLW,3566879,DiseaseTdxc
2681,DrugxJkQ,20082,IngredientELjx,958003,ManufacturerwDzC,7764522,DiseaservGZ
1908,DrugAXNe,95218,IngredientsSvI,927909,ManufacturerkvsU,8137702,DiseasecOBE
1749,DrugcETt,93824,IngredientFRcS,167143,ManufactureruSfc,8410707,DiseaseLwbw
2888,DrugnqEq,53322,IngredientuMRE,853969,ManufacturerJjqO,1026350,DiseasebkrG
8125,DrugaGGd,27784,IngredientQzgq,749415,ManufacturerUlFe,8787899,DiseaseRiZX
3861,DrugctXH,58510,IngredientbHdo,308331,ManufactureraAHF,5439404,Diseasehroa
1675,Drugguld,59327,Ingredientgyir,736218,ManufacturerARKm,3216343,DiseaseEyZj
1757,Drugmhol,46002,IngredientyrgL,464851,ManufacturerqkqL,2435823,DiseasepmTC
7555,DrugSCuZ,49384,IngredientSAEY,721015,ManufacturerkBxV,5773106,DiseasemAji
1778,DrugrSWA,90857,IngredientryLN,959913,ManufactureromVp,6248525,DiseaseMgRd
7077,DrugFLgB,71169,IngredientRQhr,329138,ManufacturerrMxe,5517704,DiseaseGbOc
3819,DrugZzdO,39116,IngredientvqPp,265839,ManufactureroMYY,6274407,DiseaseakCI
7324,DrugnSFS,45729,IngredientlZKf,393367,ManufacturerMvdT,2199699,DiseasesXmz
3191,DrugQYwr,61277,IngredientMztf,357052,Manufactureracgv,6577983,DiseaseuEpX
9552,DrugPPZh,18615,IngredientzFjI,900982,ManufacturerqWER,5268925,DiseaseZrrM
7549,DrugAwVU,43416,IngredientZsEx,262551,Manufacturerzilu,8736798,DiseasefzEq
1981,DrugdbTW,30877,IngredientEKmh,959750,ManufacturerOZeW,1625129,DiseaseRfrM
1799,DrugEONR,36093,IngredientlOeG,982408,ManufacturermrAN,8427607,DiseasePolH
5253,DrugClqr,95510,IngredientWCfQ,376135,ManufacturerrZLX,7473379,DiseaseqiLO
6302,DrugOdGa,86704,IngredientzhIz,114130,ManufacturervGAs,4093951,DiseaseUlMf
2328,DrugxuRQ,51965,IngredientAqXV,648135,ManufacturerNAFo,8442500,DiseasekbuE
4510,DrugoaEj,45849,IngredientkIYM,372756,ManufacturerRUhg,7359175,DiseaseaBDj
6905,DrugXPsT,46114,IngredientfSEx,312457,Manufacturermgqy,9627852,DiseaseGzfT
5347,DrugZHAG,37638,IngredientcpZK,305036,ManufacturerFxHy,4852141,DiseaseiZIe
3001,DrugiVRP,95237,IngredientjijL,716513,ManufacturerCPyu,2718717,DiseaseGdvS
1474,DrugCjkO,72959,IngredientVATj,663564,ManufacturerXdXg,4339405,DiseasejBhA
3501,DrugwGpg,74836,IngredientWhGV,363064,ManufacturerFwfc,9402938,DiseaseDmTf
9994,DrugdNEI,31523,IngredientWlym,958475,ManufacturerBVRL,7331158,DiseaseGRVP
8504,Drugtjgf,30593,IngredientaFrT,520739,ManufactureripHK,2845342,DiseaseHvIV
2355,DrugYEyY,30118,IngredientWxPF,675729,ManufacturerjIUL,3057814,DiseasejaWN
2558,DrugLxrh,59612,IngredientnLlt,731237,ManufacturerlPTi,2122177,DiseaseBUUu
5777,DruggGAb,72076,IngredientLmeA,722781,ManufacturerTrSw,4199295,DiseaseSMYk
8580,DruglPcc,90729,IngredientjSCh,705077,ManufacturerlDXc,9890337,DiseaseUCKY
9115,DrugoPxn,15830,IngredientEjIq,439522,ManufacturerCvim,7484598,DiseasehGhG
8247,DrugiOut,36693,IngredientbTtc,189664,ManufacturerwyUN,1179182,DiseaseGHkS
4650,DrugTmsd,91204,IngredientupHE,739109,ManufacturercnoK,8683510,Diseaseivjk
7764,DrugqBgo,86719,IngredientaUfa,978879,ManufacturerjILT,7019703,DiseaseLDQB
8784,DrugAWYG,74459,IngredientxJzX,368379,ManufacturerpBLE,3110110,DiseaseWCUf
6710,DrugZrqM,36139,IngredientLujb,832927,ManufacturerPMNf,4686401,DiseaseEMQw
1678,DrugLKUE,21295,IngredientRbqb,243276,ManufacturerfqlB,9033973,DiseasexBTw
9403,DrugCFOr,97567,IngredientwFhi,223730,ManufacturerzBov,3268732,DiseaseZUOl
7665,DruguAbh,53475,IngredientYSCT,904250,ManufactureruZNL,9025117,DiseaseXlsU
9057,DrugsVbn,35534,IngredientgphB,686919,ManufacturerxaWa,6289300,DiseaseQdQD
1684,DrugFjXg,55192,IngredientfUnO,435136,ManufacturerRosK,9815918,Diseasetfpx
3105,DrugYDHl,73113,IngredientisDt,156515,ManufacturerRVqx,6364153,DiseaseKGcZ
7333,DrugqJKZ,34698,IngredientRRBj,514491,ManufacturernCfX,9715981,DiseaseCLmL
4785,DrugFOIA,23824,IngredientzDvo,798510,ManufacturerttWj,4416195,Diseaseyfao
6866,DrugbKQf,65571,IngredientRced,419828,ManufacturertRXG,8046664,Diseasepbbj
6956,DrugJcev,37662,IngredientEwtB,393392,ManufacturerkREs,6076638,DiseaseBODm
5344,DrugwGix,84530,IngredientSmjo,428943,ManufacturersPXK,6366029,Diseasegeia
5465,DrugXXPS,52890,IngredientNfLK,608451,ManufacturerYpig,4056144,Diseaseuphw
9442,DrugSoxp,73335,IngredientwPON,427246,Manufactureroxto,9910728,DiseaseTdmt
9239,DrugVVAC,34474,IngredientzsIK,930103,ManufacturerWvrK,3892020,DiseaseKfmi
9811,DrugCAyR,70470,IngredientIViE,842920,ManufacturerfxSq,9850523,DiseaseRbHO
5187,DrugQaPG,40421,IngredientitzM,208977,ManufacturerfPlU,7505090,DiseaseVIjS
5213,DrugVdCM,93448,IngredientspHr,521413,ManufacturerQIMf,4113937,DiseaseTwzs
7556,Drugiixf,74489,IngredientEAso,689037,ManufacturerfIdW,3103086,DiseaseZbqn
4531,DrugCOpN,38745,IngredientUFZo,344417,ManufactureruiVk,8711151,Diseasetsfs
1918,DrugdzJJ,48659,IngredientkFle,428912,ManufacturerINmS,7029753,DiseaseRMvi
8912,DrugERDT,54990,IngredientvNbb,483742,ManufacturerIRfJ,7891337,DiseaseHRyc
9912,DrugxVkr,77292,IngredientbJDE,448885,ManufacturerzAHt,7656131,DiseasecJTk
5341,DrugdWIQ,91856,IngredientvIAl,172580,ManufacturerndGr,2493721,DiseaseESdo
5814,DrugXbyG,45495,IngredientkjJe,488881,ManufacturerUrRj,5433733,Diseaseqnhv
8118,DrugXxwx,26991,IngredientPfIc,846122,ManufacturerGfFC,7283773,DiseaseRkQB
9614,DrugzOjo,54464,IngredientGjxi,792667,ManufacturerLxTI,3045421,DiseaseAJCH
1811,DrugKiks,37534,IngredientvJoU,733621,ManufacturerscOh,1439611,DiseaseuwJc
8646,DrugSPVy,84846,IngredientvjWY,547703,ManufacturerMGfO,7868494,DiseaseLuMt
5861,DrugPqTV,39698,IngredientxmxF,471668,Manufacturersnfy,9199623,DiseaseUJIK
4804,DrugWYkQ,91704,IngredientnCxT,158407,ManufactureraVCw,6647212,DiseaseQmqe
3187,DrugldPF,38870,IngredientRRpl,555166,ManufacturercBJG,1238034,DiseaseJpfv
6467,DrugmSpC,36498,IngredienttxWH,509800,ManufacturerFMcB,2105285,DiseaseXPdg
7361,DrugOPiQ,63861,IngredientIERI,183685,ManufacturerlvuS,8711651,DiseaseOSsI
6673,DrugJDLo,97225,IngredientGsyB,841622,ManufacturerZJjy,9628930,Diseasevqwz
8881,DrugGldC,72967,IngredienttEPD,102349,ManufacturerjUfy,6446927,DiseaseJxiy
2559,Drugysir,17474,IngredientYBlI,313030,Manufacturernsab,4782982,DiseaseCSRd
5253,DrugjEiN,94390,IngredientSjOa,696282,ManufacturerzZqL,2138746,DiseaseAQYP
8735,DrugGPzd,23032,IngredientQVws,232817,Manufacturerlacx,9362308,DiseaseIPqs
1648,DrugiWHg,57700,IngredientAVwX,910464,ManufacturerhyME,6116400,DiseaseQtag
9362,DrugkHyB,70729,IngredientTBbO,102024,ManufacturerKFlH,3705468,Diseaseuifi
5692,DrugeYoN,24075,IngredientRCQZ,663573,ManufacturerYyYZ,7851767,DiseasefUPQ
5284,DrugrHKy,66731,IngredientZGNS,971574,ManufacturerKbWN,6045288,DiseasekBAJ
6724,DruggUjm,62462,IngredientyvSl,594657,ManufactureriUME,5111505,DiseasejZcH
5841,DrugmBrS,79081,IngredientQUQn,931232,ManufacturerzOJA,5027322,DiseasekvXu
8867,DrugxRuk,80306,Ingredientlrdh,581946,ManufacturerjaJs,3539856,DiseaseaTxV
5517,DrugKZHu,60479,IngredientyhnQ,340166,ManufacturerPbvQ,9700082,DiseaseqGWM
1862,DrugAyIm,30778,IngredientXzLf,990553,ManufacturerVjRt,6582415,DiseaseehyX
2970,DrugsXVa,58048,Ingredientohpi,716506,Manufacturerahvc,8008395,DiseasejkSy
1361,DrugHtir,22703,IngredientSWNF,899798,ManufacturerIUnS,2567215,DiseaseROmr
3233,DrugYewG,10275,IngredientAaoT,260663,ManufactureruDvN,7938110,DiseaseiNxe
5684,DrughDTo,68678,IngredientbTHE,967381,ManufacturerlMam,6676011,DiseaseZuZz
1589,DrugQGgO,31855,IngredientcSrC,868362,ManufactureroGck,7197344,DiseaseMtka
6592,DrugNSCQ,69926,IngredientGpQs,392418,ManufacturerQtfX,4225428,DiseaseEtmt
4703,DrugTtDo,62818,IngredientJnhu,879765,ManufacturerduBL,6674617,DiseasezWlF
8511,DrugvimU,57175,IngredientZKsc,814842,ManufacturerWXgX,8831051,DiseaseNxlN
1529,DrugpRWG,68469,IngredientflMt,330468,ManufacturerEBlA,7306438,DiseaseTWbJ
4394,DrugcrYV,66971,IngredientqZer,849685,ManufactureroPKY,6504506,DiseaseGweM
6737,DrugUjwr,98720,IngredientHOQc,129068,ManufacturercgCd,9063960,DiseasetQUZ
1787,DrugQPhc,58612,IngredientZlBH,579478,ManufacturerrKLM,8769507,DiseasehVIz
2671,DrugYaIw,44076,IngredientazyZ,195627,ManufacturermGWq,9171696,DiseaseTnSg
1138,DrugSNVf,38822,IngredientrCwN,969113,ManufacturerjhWg,4651685,DiseaserpXa
5762,DrugmURO,81092,IngredientEvFx,242543,ManufacturerEJiM,5078902,DiseaseVNyF
1391,DrugzBMe,13952,IngredientmIxP,949564,ManufacturercQvo,3653405,DiseasexeOW
9212,DrugRZzE,65424,IngredientjUPp,719793,ManufacturerkqYu,8129097,DiseasegINf
7170,DrugBcRJ,32717,IngredientkisT,943054,ManufactureroZaM,5981926,DiseaseurOb
4326,DrugsJFq,16086,IngredientJUkZ,152379,ManufacturerNFqc,1658657,DiseaseubFI
3751,Drugijce,27527,Ingredientggyj,249332,ManufacturerhfQZ,4533185,Diseasepqpb
6233,DrugMJgu,58478,IngredientapkH,536844,Manufacturerhfjh,4358454,DiseasexhPa
7308,Drugdrao,61931,IngredientayrI,534541,ManufactureraaRu,4747026,DiseaseCobL
7106,DrugYfdF,21985,IngredientoamD,697934,ManufacturerIVjd,1710501,DiseaseuhLh
1374,DrugwMPP,57037,IngredientOPik,257916,Manufacturerpori,8171581,DiseaseTehV
7525,DrugGPWs,23705,IngredientXdZp,953541,ManufacturerNBwe,8929221,DiseaseGUHk
1991,DrugfQpI,84099,IngredientNYYn,727160,Manufacturerlrcg,9918866,Diseasedeks
9679,DrugZZJe,97586,IngredientKrrH,245535,ManufacturerRiWT,4143033,DiseaseHwZi
2295,DrugVZNK,60813,IngredientYIvS,320151,ManufacturerQhmI,4812283,DiseaseLFWc
9627,DrugpEsZ,68965,IngredientUJUT,183786,ManufacturerJYId,8885766,DiseaseLFru
2897,DrugzOqu,57811,IngredientZucH,274204,ManufacturerVQYE,7162614,DiseasenTOW
5937,DrugYUjm,68908,IngredientjUvh,838222,ManufacturerHQDn,6675333,DiseasetwSt
7983,DrugtrcR,52552,Ingredientvdnh,165982,ManufacturerFhli,2472908,DiseaseAudM
2883,DrugOabl,68426,IngredientioMC,992456,ManufacturerZGxc,9391961,DiseaseNBDb
4630,DrugHrNi,44761,IngredienttZpb,783652,ManufacturerHpJi,6587667,DiseasePIaF
9931,DrugZSWL,10684,IngredientcSDp,515758,ManufacturerysVa,6580783,DiseasePIef
6948,DrugYMig,55918,IngredientAXNw,979626,ManufacturerfSbj,3621553,DiseaseTHrE
2773,DrugLJdh,35054,IngredientCYqJ,272821,Manufacturerilds,1236868,DiseaseIBls
2380,DrugKLGq,13351,Ingredientihjb,689012,ManufacturerZsIc,3318832,DiseasekIrq
9092,DrugxAaz,84135,IngredientUTXn,931909,ManufacturerEmcb,1299410,DiseasePDDn
1364,DrugsGOZ,70409,IngredienttxwF,612960,ManufacturerdsbX,9266436,DiseasewWWl
8637,DrugkRkp,38277,IngredientxYQl,585140,ManufacturerQPdz,9642607,DiseaseAVBF
1044,Drugehdh,28878,IngredientZrYn,676338,ManufactureriAIq,4997412,DiseasekYjZ
9184,DrugMbwb,34936,IngredientkGil,675826,ManufacturerVWcS,6537800,DiseaseyhBH
6518,DrugKgEY,64382,IngredientBqwH,489682,ManufacturerpsFL,6197860,DiseasecOtW
6274,DrugSIbq,88899,IngredientEwHE,124404,ManufacturermIii,4611192,Diseaselypi
6685,DruguLtn,22097,IngredientMxDL,932440,ManufacturercLyr,8464813,DiseaseDYNS
5033,DrugtdeY,97857,IngredientxYCv,247944,ManufacturerQepw,5219895,DiseaseKMSu
1800,DrugbSUl,24547,IngredientRdac,870691,ManufacturerRjio,9440374,DiseaseSJUM
9564,DrugfQNn,64346,IngredientjKhe,330376,ManufacturerVglR,5814712,DiseaseGETl
5589,DrugdKJM,80416,IngredientBVRr,662841,ManufacturerVjWB,3387298,DiseasektBY
3108,DrugvIJt,53569,IngredientneJo,141305,ManufacturerTVvx,2067634,DiseaseSlFS
9975,DrugmQjB,92672,IngredientWVee,913293,ManufacturerGYvc,6751820,DiseasetUCv
6367,DrugOruY,38135,IngredientaLgB,909378,ManufacturerTLIr,3416572,DiseaseHpqg
4501,DrugLUxs,70359,IngredientCItt,418682,ManufacturerQYiv,4923774,DiseaseSupv
8552,DruggjUb,79607,IngredientKaoe,307767,ManufacturerykoG,6944222,DiseaseZWWq
5421,DrugrLzT,38372,IngredientplxV,476789,ManufacturerAgrh,1550346,DiseaseEOnI
1576,DrugMbNa,41110,IngredientDbVD,104332,ManufacturercVza,8582367,DiseasedbAD
4925,DrugKGVc,52379,Ingredientzaot,198345,ManufacturerfIXj,8834451,DiseaseqxMH
7100,DrugXQIX,44230,IngredientGNZr,258295,ManufacturerDhZo,3201950,DiseaselWOh
7345,DrugUazi,33592,IngredientOhHx,203332,ManufacturerEpIK,8820094,DiseaseAtxy
4881,DrugIRYA,18211,IngredientzmtH,701689,Manufacturerykof,6105557,DiseasecMoO
8896,DrugZLuw,86685,IngredienthlQh,646308,ManufacturercmSc,2583261,DiseaseNJwL
2009,DrugkcaP,12222,IngredientQwAo,119227,ManufacturerkcEK,3397632,DiseasewGBj
9741,DrugdwBs,51592,IngredientMvDY,582623,ManufacturerkTcr,2158489,DiseaseXPDx
6439,DrugkTGU,20147,IngredienthghL,310586,ManufacturerRrhI,6888968,DiseaseXXOq
5601,DrugBHrS,43402,Ingredientcggz,662507,ManufacturerbKzz,6438764,DiseaseBzad
5450,DrugqbXm,82167,IngredientRxxn,361041,ManufacturerhUbs,4002034,DiseaseBYjO
6211,Drugayfo,44249,IngredientGgnK,617626,ManufactureriVKj,9989452,DiseasesxpM
4803,Drugsrim,75042,IngredientOXLo,688268,ManufacturerHpEG,1887380,DiseasekZQy
2248,DrugHusw,39986,IngredientjzkT,334521,ManufacturervBEQ,2034011,DiseaseCICK
9775,DrugkupK,20989,IngredientOcxz,381029,ManufacturerVQNV,1774798,DiseaseZgMi
8368,DrughgHG,72098,IngredientJTFs,590561,ManufacturercwyJ,3861610,DiseaseXzWq
5774,DrugPusd,54730,IngredientUnLZ,637480,ManufacturergIts,6858357,DiseasezQQo
4503,DrugJYaB,87799,IngredientxxaK,705421,ManufacturertSmM,7243145,DiseasedjNU
8423,DrugpBYK,77158,IngredientyHub,693093,ManufacturerrGeD,8290077,DiseasetSPq
5257,DrugxyCS,44672,IngredientgPXA,567513,ManufacturerBAgO,3311612,DiseasejTKk
5298,DrugZeGt,75624,IngredientijLw,308677,ManufacturerSivv,2838225,DiseaseesRu
1003,DrugRabw,62629,IngredientAcnp,520239,ManufacturerYJad,4549320,DiseaseYgAV
6611,DrugWbXN,83822,IngredientWRRS,444458,ManufacturerBFiT,8918558,DiseaseONqx
6454,DrugZFbN,26336,IngredientitYg,961485,ManufacturerVDBS,6097048,DiseaseZSFH
4298,DrugdYJy,40657,IngredientRzyx,873467,ManufacturernBCk,2292847,DiseaseAFkA
9848,DruggPQR,92368,IngredientpIOF,485710,ManufactureraDks,5851683,DiseasenoKG
1831,DrugRFCG,34759,IngredientPmxK,962628,ManufacturerKuXQ,8595422,DiseasetLQg
3166,DrugflZf,52221,IngredientjbBe,769773,ManufactureroxMo,7457845,DiseaseNCQr
3181,DrugaWEm,86655,IngredientxTCI,731340,ManufacturerCedS,6372888,DiseaseFcUE
8974,DrugRcUN,79999,IngredientLBeT,152789,ManufacturercSky,8357529,DiseaseCksr
8817,DrugMImh,73807,IngredientmjeL,347451,ManufacturerSdka,3010660,DiseaselKKZ
3312,DrugELph,75201,Ingredientmgkl,701534,ManufacturerMsfc,6173513,DiseaseYdBe
9977,DrugIvsW,24605,IngredientPzOM,945794,ManufacturerqLBQ,3451634,DiseaseGAOH
7630,DrugEAac,86260,Ingredientuxka,891485,ManufactureryEwl,2432660,DiseasetapY
1811,DrugqMbc,99103,IngredientegAr,843179,ManufacturerskYi,4417299,DiseaseeBZJ
1943,Drugdavc,51204,IngredientRxtU,448508,ManufactureraYpE,3948600,DiseasepARC
5967,DrugTvZF,88561,IngredientaeMy,175831,ManufacturerCMam,8279127,DiseasemOye
7429,Drugostw,24037,IngredientrszA,159334,ManufacturerMbNb,4016358,DiseasenblU
8426,DrugfUcQ,27771,IngredientQJgM,425514,ManufacturerWnfP,3425562,DiseaseUNxE
7903,DrugCrhb,39059,IngredientJFXJ,842384,ManufacturerFXdQ,1750046,DiseasedRWZ
7079,DrugFrSb,81136,IngredienthDrD,277771,ManufacturerraGU,1009972,DiseaseZPJm
5861,DrugrVKR,68730,IngredientZzfT,697995,ManufacturerzpOW,8247951,DiseaseMbRs
4276,DruguiBb,36693,IngredientHJSQ,925829,ManufacturerdPYx,9037897,DiseaseliPc
8464,DrugkEgk,13442,IngredientBuCx,907387,ManufacturerLJOd,1844549,DiseaseAegX
9487,DrugfthE,94377,IngredientYTwm,572411,ManufactureriLZw,4891986,DiseasetIVS
6966,DrugXQja,68779,IngredientHMHm,353008,ManufacturerLXXf,1633550,DiseaselTtw
5185,DrugLmCp,68367,IngredientZLGp,196743,ManufacturerXSpX,4100519,DiseasewyJZ
4058,DrugrMsr,37803,IngredientrDRI,938353,ManufacturerPnPU,1684020,DiseaseqGEN
5535,DrughMAr,68382,IngredientNwna,353271,ManufacturerFKMp,9006297,DiseasepWQO
3626,Drugodwo,26021,Ingredientfxcl,815467,ManufacturerBMxy,5744470,DiseasewHAw
9960,DrugLavS,44365,IngredientZkIE,447286,Manufactureruskc,7586166,DiseaseugQj
4354,DrugvkEn,22339,IngredientBBUP,860581,ManufacturerFmkl,8400863,DiseaseAFzI
2851,DruggSXx,72977,IngredientPyRv,144353,ManufacturercVzc,7634251,DiseaseksWk
6605,DrugtAMm,62802,IngredientBAMH,808265,ManufacturerJmwd,2696307,DiseasedXAg
3751,DrugecZf,73378,IngredientUWie,810413,ManufacturerrvlP,1240340,DiseaseuICB
9859,DrugEFwW,82458,Ingredientoqze,904329,ManufacturerBCvd,2788170,DiseaseeFYJ
9848,DrugXWlg,94516,IngredientpZGo,127001,ManufacturerTkBM,8074094,DiseaseyIQT
3178,DrugyuWg,91245,IngredientXBsI,272323,ManufacturervGgQ,3271901,Diseaseawji
1195,DrugLdxi,26023,IngredientjRLA,639658,ManufactureruzYt,2937594,DiseasepmiC
2513,DrugRMVR,18369,Ingredientgbjz,920779,ManufacturerOumZ,1634034,DiseasecnxJ
2123,Drugvazk,98049,IngredientbrnF,431842,ManufacturerNZSW,1071926,DiseaseEOEe
4811,DrugIkHx,33241,IngredientdVWL,658851,Manufacturerxgfw,3859118,DiseaseeorF
6156,DrugECOc,79041,Ingredientrlma,156406,Manufacturerkjmh,9622340,DiseaseoCCj
8029,DrugPcAw,86143,IngredientacqC,711588,ManufacturerRfDL,7724802,DiseaseRcoK
9343,DrugwyJZ,90502,IngredientedKE,612721,ManufacturerrODG,7928897,DiseasehJxz
3397,DruguTGm,70938,IngredientJEkf,635300,ManufacturerahXw,5470131,DiseasewpyK
3996,DrugiUcA,86092,IngredientAdUa,971414,ManufacturerSrKw,8146246,DiseaseNZzn
6182,DrugmFda,10713,IngredientWUgI,278654,ManufacturerAkAg,7342752,DiseasezVqr
9952,DrugJXuB,19095,Ingredientfxnv,153477,ManufacturerSeOf,5122419,DiseaseLbgo
2452,DrugDsWB,66020,IngredientxWFz,703166,ManufacturerHRir,6895060,DiseasefoGu
2337,DrugKOYn,61751,IngredientDxaU,292380,ManufacturercGkh,8326402,DiseasexvuJ
4657,DrugmlaD,78915,IngredientyzxW,805083,ManufacturercwXF,7653525,DiseaseOQrI
7145,DrugNEMs,40930,IngredientbTyk,663323,ManufacturerCfAB,1445611,DiseaseFwKM
7174,DrugfoeA,94955,IngredientoRQc,954712,ManufacturerPVNF,9688885,DiseasetmuL
2994,DrugugQi,17290,IngredientfgmG,446420,ManufacturereDDU,9291545,DiseaseegpA
6159,DrugJpVT,48830,IngredientGWpv,707939,ManufacturerbiUB,1048075,DiseaseTspX
6682,DrugGpcN,21818,IngredientabZJ,512190,ManufacturerUohx,1587737,DiseaseFwLa
4849,DrugnjGY,64474,IngredientUeEt,572453,ManufacturerLNjk,2647553,DiseaseFMpU
7810,DruggPYa,36918,IngredientgbaO,461980,ManufacturerhfmF,4282944,DiseaseTwxE
8237,DrugQPQD,15149,IngredientwZDr,582440,ManufacturernORz,5859753,DiseasesEkl
6843,DrugnZfe,75514,IngredientgnXi,426476,ManufactureryLmS,3044007,DiseasecWms
2742,DrugwatU,44515,IngredientLSyO,139896,ManufacturerdDIW,4425036,DiseasedMFB
1806,DrugMmaF,34802,IngredientpZIU,546857,ManufacturerTIcM,5268539,DiseasejDpd
4159,Drugphev,77870,IngredientGtZs,721305,ManufacturerOhTx,1110654,DiseaseVGxK
1263,DrugPOXQ,58623,IngredientAhiI,753464,ManufacturerciWM,5422995,DiseaseQacH
4091,DrugZhkc,75126,IngredientaddY,517616,Manufacturerdnjp,3680249,DiseaseHzga
8084,Drugguer,89926,IngredientbHtw,133985,ManufacturerNumj,8646870,DiseaseXpDz
6678,DrugZbpG,12101,IngredientoaeH,703160,ManufacturertEuA,5837717,DiseaselcSU
2542,DrugkyhM,76561,IngredientIXEv,126464,ManufacturerSAaC,6222356,DiseaseUEEZ
3341,Drugvyws,29480,Ingredientbytk,316731,ManufacturerpXDE,2689542,DiseaseivvZ
1818,DrugYQbO,53986,IngredientZobH,896135,ManufactureraiYj,4116347,DiseaseFdMV
4367,DrugaweC,21534,IngredientgLRc,476442,ManufacturerVEbX,8921299,Diseasedlaf
2615,DrugHOVr,10470,IngredientUsxX,116522,ManufacturerRpqh,4239152,DiseaseoVju
4257,DrugILXJ,51612,IngredientnZEO,167954,ManufacturerDJIo,4781609,DiseaseNOks
6622,DrugfQvx,81413,IngredientejEB,516816,ManufacturerVEyJ,9492173,DiseaseAwex
8741,DrugAzzF,97929,IngredientPMNA,822479,ManufacturerLdRu,6497727,DiseaseXfPe
8024,DrugwIiN,33764,Ingredientxkvu,327175,ManufacturertvGO,3448048,DiseasetIdM
7465,DrugWksA,31905,Ingredientmazj,917611,Manufacturerfuxf,1552783,DiseasejYKw
4362,DrugmVcT,35811,IngredientWLoH,858427,Manufacturermhbo,1033506,DiseaseFXZi
8214,DrugQkMD,46627,IngredientmySt,287659,ManufactureraAEH,5806676,DiseaseEGZe
3852,DrugJwxb,36222,IngredientahvM,309215,ManufacturerfyPk,9729479,DiseasefZTD
4659,DrugTYai,38481,IngredientpGMU,690702,ManufacturerflUz,6317890,DiseaseUwtp
3246,DrugJZYG,42856,IngredientjfYH,614805,ManufacturerffRB,3385590,DiseasexNag
8914,DrugaUSn,35590,IngredientSdDg,691689,ManufacturerboRo,1456961,DiseaseqVEV
5012,DrugqBtA,50722,IngredienttISP,958759,ManufacturermdsN,4544119,DiseaseLsGC
4692,DruguzeC,40940,IngredientzzaG,558059,ManufacturerbOVM,9805183,DiseasecLzH
3463,DrugIuJQ,60447,IngredientTwXK,758067,ManufacturerzRvY,1395001,Diseasegwms
1200,DrugUETn,20384,IngredientNUjl,741550,ManufacturerhRZV,8122431,DiseaseLTaU
7110,DrugRQOC,87517,IngredientSsvh,585751,ManufacturerXgtP,4468891,DiseaseeNiF
1117,Drugaxqq,18794,IngredientHcYn,107866,ManufacturerqMJx,8131763,DiseaseiUfx
6493,DrugHRqa,36764,IngredientoLrA,297596,ManufacturerWYlp,1632922,DiseaseLWAw
4185,DrugFEqe,62624,Ingredienthuvt,366572,ManufacturerWRVT,1421306,DiseaseWacS
8043,DrugPoVM,64544,IngredientHckl,681044,ManufacturerQfbU,7765115,DiseaseedVN
9120,DrugxLwa,89048,IngredientSFNX,719888,ManufacturerJGKs,7594378,DiseaseprGW
6294,DrugOupp,24631,IngredientosJM,666201,ManufactureriqfM,4929103,Diseasegajd
1987,DrughmWy,80087,IngredientrLOQ,669361,ManufacturerKEKb,3698978,DiseasezMsk
1467,DrugOXUu,50051,IngredientgRoc,562259,Manufacturerukfo,8035537,DiseasepIdg
2817,DrugHsfk,62954,IngredientwKNw,262519,ManufacturercMna,3047983,DiseasexaRs
3775,DrugxTWS,84567,IngredientVyLt,663658,ManufacturertrKw,1775348,DiseaseiKPE
7009,DrugTiYY,81057,IngredientyBtx,522454,ManufactureraUoO,2929791,DiseaseUNjI
9403,DrugJSVE,52173,IngredienthXGN,156171,ManufacturerdgEG,3872048,DiseasezHwx
5534,DrugCdFX,89758,Ingredientulnn,317603,ManufacturerckwI,4330145,DiseaseTejg
2621,DruglKyy,40590,IngredientkKXz,554899,ManufacturerRTnG,9481950,DiseaseuJNs
9744,DrugDgau,33576,IngredientpomG,262289,ManufacturerJStz,8951533,DiseasemlvM
5086,DrugtuZH,20702,IngredientiJpF,760878,ManufacturervMPQ,2593248,DiseaseJvwM
8952,DrugToKR,10256,IngredientPsao,648017,Manufacturercuub,3200019,DiseaseeYyI
8820,DrugWnxx,19913,IngredientuMqg,819899,ManufacturerdMzS,5132703,DiseaseUeBK
6538,DrugEbYm,92799,IngredientQKWE,189593,ManufactureriZvS,1537218,DiseaserDyG
4400,DrugyJmB,82235,IngredientACyE,997171,ManufacturerSBgK,1979911,DiseaseWopZ
7223,DrugwcyS,40859,IngredientIfdL,197182,ManufacturerOCNa,8656696,Diseaselmwd
5556,DrugPFbm,85625,Ingredienthcme,757488,ManufacturerqBJZ,8545691,DiseaseJzdE
1793,Drugsxgm,62095,IngredientWOHf,734565,ManufacturerxzZE,9005315,DiseaseBFUA
2067,DrugdUrL,35021,IngredientqitN,718121,ManufacturerVJTm,1732587,DiseasedFng
4291,DrugjadS,21758,IngredientEEOi,334203,Manufacturerhhqf,1788631,DiseaseEXox
5234,DrugmNYa,34166,IngredientOklq,367516,ManufacturerHHGa,1323947,DiseaseywkR
5992,DrugmlfU,88362,IngredientiZrV,920504,ManufacturerQzgN,3393770,DiseaseFaWg
1301,DrugdgIB,58937,IngredientEbUr,665810,Manufacturerxcpy,4566296,DiseaseziQU
4515,DrugLHIF,78311,IngredientiPse,756241,ManufacturerkoDn,2672855,DiseaseCdxT
5442,Drugqndp,90420,IngredientbRsR,488356,ManufacturerqvZt,6801325,DiseasenlZO
5129,DrugGkwd,46687,IngredientLgDZ,853179,ManufacturerQeWY,2274500,Diseaseflvn
5169,DrugSpis,22614,IngredientDSXJ,718548,ManufacturerqhkR,8137711,DiseaseNpst
2711,DrugewDb,89358,IngredientunTO,811263,ManufacturerWHUr,1169316,DiseaseGKRH
8530,DruglISO,43321,IngredientZsUz,359767,ManufacturerVdjl,7394095,DiseaseAQHs
3338,DrugiprI,17487,IngredientPwUx,253721,ManufacturerZDdp,7618852,DiseaseczzP
4825,DrugdteP,91903,IngredientwPDu,537610,ManufacturerdEbq,6982020,DiseaseNtQl
1253,DrugeCgI,90692,IngredientltaC,596652,ManufacturerIZdq,4782973,DiseaseLAng
7254,DrugTtNL,31245,IngredientiLPh,917549,ManufacturerJDjB,9702759,DiseaseWimq
2990,Drugdtyz,26500,IngredientbJSD,734971,ManufactureriSGr,3670357,DiseaseiBRw
4128,DrugJLRX,83088,IngredientPjOx,477977,ManufacturerjKIV,5833379,DiseasezMCh
5056,DrugZRcc,56260,IngredientSwKC,770054,ManufacturerSUzS,6858215,DiseaseuxDW
9179,DrugGcMq,90527,Ingredientfecy,286809,ManufacturerTGIK,3380517,DiseaseUQvL
5281,DrugKdAg,67376,IngredientogNJ,664117,ManufacturernuBg,4403529,DiseaseYjFV
4924,DrugWQqR,24036,IngredientIDaX,299293,ManufacturerHtXm,7060562,DiseaseHgAu
9533,DrugJXEN,32828,IngredientWROL,411998,ManufacturerXCrk,7304807,DiseaseDqyf
2884,DrugEYnc,59262,IngredientmuDA,543433,ManufacturerRtXb,4854982,DiseasexXxJ
4911,DrugopCm,96684,IngredientyoCa,383919,ManufacturerzVww,6567164,DiseasedhLN
7494,DrugnDKT,87175,IngredientQkfc,398808,ManufacturerUlAY,8710243,DiseasegNTm
2826,DrugvgwL,84720,IngredientayWq,561017,ManufacturerCZyw,7259383,DiseasehGcQ
7777,DrugGCqj,34525,Ingredientktfm,905148,ManufacturerFNGE,6017198,DiseaseYyhw
9658,DrugtgpM,72099,IngredientVUjM,574455,ManufacturerYyfb,4339696,DiseaseciGI
3501,DrugvsRv,14315,Ingredientjsbp,579917,ManufacturerkQYu,9648452,DiseasexBcT
4749,DrugeWEr,91587,IngredientyXvj,727288,ManufacturerLixR,7676422,DiseasexiCA
3781,DrugRxer,52136,IngredientstzG,591034,ManufacturerrWUQ,1193540,DiseaseLOdG
4872,DrugFGNg,57543,IngredientfiuT,469194,ManufacturerDPeY,9137627,DiseasetYcE
6108,DrugftTe,29240,IngredientDtbj,593630,ManufacturerXRpt,4643331,DiseaseurQr
8836,DrugfkLq,27192,IngredientAZrz,708117,ManufacturerXnjU,5747316,DiseaseOWat
4122,DrugnhiE,72486,IngredientrEQj,119970,ManufacturerhgXT,3434935,DiseaseFxsq
4486,DrugfFpH,36730,IngredientPaRx,670794,ManufactureraRIn,8847178,DiseasegGYi
8071,DrugTnBk,67976,IngredientzEpQ,351798,ManufacturerUAmh,9216833,DiseaseKCoL
8428,DrugEppY,90478,IngredientvxOi,337411,ManufacturerkYJg,3776453,DiseasemkaG
9087,DrugKpyq,45952,IngredientMQvu,896319,Manufacturerzfhh,2457755,DiseaseHlhy
3080,DrugQtlY,77981,IngredientDzVC,537380,ManufacturerSDJo,2917712,DiseaseOeZU
4062,DrugvlzJ,75502,IngredientWHkD,276350,ManufactureruJTm,5374874,DiseaseyuQF
3025,DrugYwvt,22155,IngredientBRij,252039,ManufacturerWixM,1936306,DiseaseRsoC
9344,DrugTfcZ,14919,IngredientHCrn,543023,ManufacturercEEI,8318127,DiseaseIBRK
5996,DrugtRjw,30119,IngredientWxxZ,326821,ManufacturerhVSk,4046790,DiseaseyREf
5144,DrugygRP,28886,IngredientKYWT,712288,ManufacturertNRD,9306761,DiseaserUvU
8864,DrugwomF,72381,IngredientNWCM,391277,ManufacturerQLTb,2310217,DiseaseXEZG
1597,DrugBJEH,36373,IngredientXCjv,894754,ManufacturerjcnJ,9351910,DiseaseuHZG
4092,DrugEVVj,37615,IngredientmALd,216889,ManufacturerPyWX,8773300,DiseaseYVbP
5337,DrugfGZA,12060,IngredientcGEw,919632,ManufacturerzzMX,2796682,DiseaseryGw
7497,DrugLAVz,52105,IngredienteCtM,131535,ManufacturerCIoO,2098338,DiseasemqQr
5957,Drugwete,17033,IngredientPCSn,377356,ManufacturervbTR,8340223,DiseasebRxs
3802,DrugDbwm,64869,IngredienthLnp,191427,Manufacturerzvni,4528002,DiseaseczrM
5905,DrugsodW,95029,IngredientCvVH,539910,ManufacturercwyC,3780801,DiseaseqJog
2039,DrugzSZk,66907,IngredientgskP,691849,ManufacturerJpyI,2736936,Diseasepfsg
4304,DrugwEXt,39903,IngredientlBIM,576539,Manufacturernjae,1634049,DiseaseVGAm
8190,DrugegTk,97774,IngredientUwCs,556917,ManufacturerBxZJ,4979720,DiseaseEYpa
8334,DruglYTY,32791,IngredientWUCU,178619,ManufacturerPkdf,4464371,DiseaselGWz
9371,DrughzzS,21068,IngredientUeRG,352023,ManufacturerrKnP,9338959,DiseasecfjQ
4935,DrugRiFW,72713,Ingredientgwko,484906,ManufacturersErA,4084330,DiseasePIoK
6821,DrugxHgX,33849,Ingredientowqp,966202,ManufacturerOtLB,6963735,DiseasebMxI
8932,DrugZmeW,49429,IngredientvKbE,388863,ManufacturerDBVf,9485155,DiseasepMiu
1340,DrugYdyY,51227,IngredientDSUd,794692,ManufacturerDihI,1335076,DiseasebiPP
4474,DrugFvcM,42827,IngredientQipr,566587,ManufacturertyOG,9528906,DiseaseqtSl
3887,DrugsLfx,48491,IngredientCGZs,167880,ManufacturerHGyu,1887244,DiseasedCFJ
8595,DrugHgPT,42045,IngredientaFeS,422465,ManufacturerXLsQ,4052217,DiseaseShEv
1017,DrugdkDN,29597,IngredientZGim,746324,ManufacturerqbwP,2004345,DiseaseppVl
2685,DrugPbWv,63355,IngredientaGMC,756821,ManufactureryExj,2273179,DiseasezjpZ
5983,DrugnatD,46280,IngredientdBGe,245936,ManufacturerrBaI,4335083,DiseasefCvx
6774,DrugnOqv,23117,IngredientNBFs,938086,ManufacturerCcov,1757435,DiseaseUYxq
6465,DrugsPxS,12766,IngredientNUIe,399177,ManufacturerQDSV,6041928,Diseasellis
7660,DrugyQLN,96032,IngredientWLJx,261275,ManufacturerEvtg,5401777,DiseasejVRc
4680,DrugAlbE,80117,IngredientfZlY,523693,ManufacturerAJWf,3468345,DiseaseBImo
5742,DrugsxMn,95274,IngredientJPPq,539303,ManufacturerrzoM,3524631,DiseasendCc
3371,DrugbxuE,79872,IngredientUCpD,140639,ManufacturerhtTm,9299540,DiseaseNTXT
2757,DrugcNiB,37574,IngredientEjLo,992300,ManufacturerEsBP,8333556,DiseaseBwjc
5679,Drugbxbi,87255,IngredientGRnH,308999,ManufacturerQIuv,3737836,DiseaseAILx
5191,DrugeVQd,26579,IngredientcSAP,651556,ManufacturerssIv,1876397,DiseaseNMeH
4168,DruggPcL,28778,IngredientxqzW,345421,ManufacturerENvq,7107932,DiseaseEfWD
1396,DrugZFLN,12090,IngredientXFlX,566903,ManufacturerVDBd,7335366,DiseasedpzJ
5404,DrugauRE,40317,IngredientbeXb,122851,ManufacturerTcuZ,5834075,DiseaseEgIb
3530,DrugVZKy,27388,IngredientpdmF,896818,ManufacturerjGur,2424066,DiseasesHvz
7293,DrugPjEi,40332,IngredientSXMm,574620,ManufacturergRTn,1377441,DiseaselpWR
3759,DrugQTHH,71567,IngredienteiMC,682946,ManufacturerWWrG,9686385,DiseaseUJDS
6758,DrugTIwM,84624,IngredientdqWS,221759,ManufacturervEYl,4219571,DiseaseDtkq
5860,DrugnMRf,59627,IngredientTujv,748562,ManufacturerDOpU,1044376,DiseasexGKc
4015,DrugNOUo,55925,Ingredientsnuv,806073,ManufacturerfCdp,2776514,DiseasePaAD
7496,DrugFJhQ,65572,IngredientmXya,315880,ManufacturerozMI,9647041,DiseaseSzAU
6547,DrugshLA,44131,IngredientREHL,995317,ManufacturerYalz,1147104,DiseaserulJ
5138,DrugEdIW,48885,IngredientoaQv,283550,Manufacturerumen,5180886,DiseaseJPYb
5202,DrugABpL,94896,IngredientBtOs,158599,ManufacturerOCVD,2433609,DiseaseFewX
4486,DrugYeYv,57768,IngredientnnoU,668582,ManufacturerjQIp,6923117,DiseaseeliK
7818,DrugNBJb,48594,IngredientWUZP,636798,ManufacturerySep,2279318,DiseaseYkBg
7452,DrugitOJ,58060,IngredientDePd,806819,ManufacturerDXNz,6418174,DiseaseLaCb
4731,DruglBZN,82492,IngredientKIWC,918577,ManufactureraPvH,7905422,DiseaseiLlJ
2263,DrugAIlm,41121,Ingredientsjrg,829222,Manufacturerwjvh,3752561,DiseaseaUKw
4243,DrughGhJ,68006,IngredientuLRh,343032,ManufacturerMcBa,5247093,DiseaseGwcS
9961,DruguWks,42604,IngredientdiGd,354009,ManufacturertyJW,1192228,DiseasedUET
4233,DrugDWnk,67560,IngredientKvKj,968541,ManufacturerSMtx,9551344,DiseasexTmz
8393,DrugClmc,11451,IngredientpBOg,534195,ManufacturerZpaC,3879149,DiseaseBjyt
5311,DrugmsGA,44394,IngredientMxEZ,547609,ManufacturerYvWh,7791177,DiseasexYUH
7677,Drugzdap,48277,IngredientnrtZ,140499,ManufacturerKXkt,7052939,DiseaseuLvb
4122,DrugAqad,54549,IngredientmLOm,902687,ManufacturerHPxh,9829453,DiseaseICpx
1271,DrugRSMP,66486,IngredientpEaC,910205,ManufacturerMhAd,4385291,Diseasecqkp
9236,DrugOdTD,55067,Ingredientwejw,409530,ManufacturerRKFk,7609833,DiseaseEuXy
1891,DrugPRZC,84986,IngredientkGPj,917160,ManufacturerpHkS,6397600,DiseaseXeIv
2999,DrugHbpz,47234,IngredientrlRm,211600,ManufacturerKwpP,8032078,DiseaseYAHe
9910,DrugFxmd,16311,IngredientjNCd,761066,ManufacturerAJhj,8437223,Diseasekeoj
6756,DrugCiNa,89318,IngredientQrxS,456087,ManufacturervQbn,6200991,DiseaseXReO
9194,DrugDDcR,72958,IngredientvGSF,906534,ManufacturernupR,9714435,DiseaseDjNM
4101,DrugFdxw,79715,IngredienteceC,204623,ManufacturerOnDt,1750187,DiseaseETsy
9123,DrugxmCt,97809,IngredientysMA,451872,ManufacturerWGaV,4254350,DiseaseXgyn
8232,DrugWVlS,14901,IngredientjvJn,703972,ManufacturerxhrX,3548154,DiseaseACpW
1506,DrugjdhW,44645,IngredientYfAG,370301,ManufacturerMcxw,9067737,DiseaseOdcB
4317,Druglniz,26657,IngredientSIqf,846348,ManufacturervuKq,2985273,DiseaseWTeE
3765,DrugbSJS,96838,IngredientGDoq,367957,ManufacturerZnqL,2210466,DiseaseqZmb
5981,Drugnzss,75002,IngredientQxtM,724046,ManufacturervBSY,3247687,DiseaseIUsR
1916,DrugvtDr,34672,IngredientVnZT,864254,ManufacturerNYEH,5618461,DiseaseAiAY
6437,DrugMkDA,68253,IngredientieYL,910444,Manufacturerhsty,7649557,DiseasepJWK
3697,DrugAMFK,36937,IngredientenpT,295653,ManufacturerZwvB,1396994,DiseaseTnda
1882,DrugDQUb,93673,IngredientiXrI,768525,ManufacturerWLDc,6933467,DiseaseLLcQ
9558,DrugnLRp,74157,IngredientZUky,321621,ManufacturerJzKd,6606991,DiseaseIcpW
9557,DrugNAAI,36838,IngredientCCnd,356931,Manufacturervypq,9924374,DiseaseMYDu
7372,DrugRxvw,58785,IngredientFjxO,294074,ManufacturerFBXy,6736571,Diseasedsze
4313,DrugSwXn,46591,IngredientnYIH,535313,ManufacturerGvrX,9830956,DiseaseQJkQ
6231,DrugnJCa,39689,IngredientbygW,910914,ManufacturerQIuJ,6118306,DiseaseeqAe
9455,DrugyDNi,11998,IngredientaLQF,618487,ManufacturernYiN,9873861,DiseaseZoWW
5442,DrugZRCo,25318,IngredientaSUc,595334,ManufacturerxViM,5476383,DiseaseZiHA
7633,DrugWCyL,68017,IngredientULlb,403805,ManufacturerRRPU,5909708,DiseaseSfUn
5769,DrugMFsb,12595,IngredientYppX,634816,ManufacturerNjjM,4294173,DiseasehgMY
4132,DrugHnHM,28939,IngredienttWZv,708378,ManufacturervVMH,4505778,DiseaseSVgH
2761,DrugRzRN,36288,IngredientoGqh,391396,ManufacturerUfus,2282400,DiseaseTknW
5956,DrugCnqp,82348,Ingredientbqfj,703881,ManufacturersUle,2901257,DiseaseSftK
7442,DrugMadx,38577,IngredientPCGG,822248,ManufacturerxMMU,4586204,DiseaseWzNE
3693,DrugWPIu,42539,IngredientNYJz,384394,ManufacturerYPxq,3516852,DiseaseDUnZ
4792,DrugfviE,82121,IngredientyZTe,600413,Manufacturerjxbo,6741898,DiseasehAiH
3119,DrugiKVn,11408,IngredientiTVi,809564,ManufacturerodrG,6434155,DiseasehGnC
2574,DrugUYIY,12806,IngredientgAAZ,917635,ManufacturerAeTR,5609918,Diseasenfqy
4959,DrugEQZp,77891,IngredienteLVC,945072,ManufacturerGuus,6998425,Diseasetsay
8199,DrughuoW,39955,IngredientMEuS,354347,ManufacturerIXtt,1084739,DiseasenCtp
2190,DrugRGTc,45971,IngredientyQWd,421320,ManufacturercNrP,9814773,Diseasezqvs
5882,DrugVuyc,13597,IngredientfIzV,200704,ManufacturerbyEp,4095649,DiseaselxVz
6206,DrugDXzc,60033,IngredientkfxT,129890,ManufacturerAibC,8807959,DiseaseNquq
7788,DrugBWmX,75954,IngredientoNRl,581986,ManufacturercCYD,7447092,Diseaselqmu
4178,DrugLikf,20534,IngredientCVdz,367565,ManufacturerGioK,8060484,DiseaseRwDj
8205,DrugtJSw,65178,IngredientUAkA,942203,ManufacturerArzu,4427290,DiseaseZUjt
5519,DrugdFVO,24272,IngredientGDLq,537297,ManufacturerENZV,9641686,Diseaseeoau
8213,DrugpNGL,42530,IngredientvOxU,115438,ManufactureraBYf,5325546,DiseaseiWXo
9883,DrugQYqU,97787,IngredientAKUk,748140,ManufacturerblCz,4687723,DiseaseOKcM
1425,DrugmLmo,16044,IngredientJkLS,940734,ManufacturerPkIl,1523977,DiseasemmVC
2843,DrugrWNL,10692,IngredientBMty,271717,ManufacturerKErg,2412380,DiseasecdkJ
5539,DrugCbMm,64408,IngredientrkPX,766469,ManufacturerOArG,5458837,DiseaseCPWm
2058,DrugEhTP,63963,IngredientGWxR,348985,ManufacturerXvEZ,4386613,DiseasesIhy
6873,DrugUmWL,52458,IngredientSbrX,558846,ManufacturerkpJJ,5200404,DiseaseLcuw
7890,DrugxaFs,52763,IngredienttzlZ,337407,ManufacturernqQm,4281239,DiseaseaoCj
3152,DrugUGcM,26262,Ingredientopkl,854692,ManufacturerKRCE,9193267,DiseaseDsXw
3370,DruggNzy,93388,IngredientODXn,920618,ManufacturertUHb,8267110,DiseasezJjI
4570,DrugOCrt,59340,IngredientdcQU,654914,ManufacturerJloL,3157414,DiseaseduNw
7115,DrugTFIG,23620,IngredientiGYG,648177,ManufacturerKUyL,4655105,DiseaseVMIS
3781,DrugCYjS,22047,IngredientVLzl,856479,ManufacturerPiyy,3303156,DiseaseZdzy
5072,DrugSHsN,48217,IngredientQoLu,852203,ManufacturerLIdG,2421250,DiseasemNXs
5372,DruggqnD,99791,IngredienteUlH,937318,ManufacturerLuJL,3252381,DiseaseuURw
7143,Drugpeyb,65948,IngredienthAxo,357243,ManufacturermvXa,7965880,DiseaseMnuU
7914,DrugDHxD,73252,IngredientBhdb,100146,ManufactureroNDt,2515708,DiseasevSLX
2463,DrugULyX,64103,IngredientZcPg,646922,ManufacturerZLTS,3191521,DiseaseyfNa
4287,DrugnYyS,33464,IngredientaGPU,485395,ManufacturerhOYi,8087775,DiseaseIfLu
7732,DrugJfmt,40699,IngredientNHXT,826483,Manufacturernvaz,3393039,DiseasecOOJ
5431,DrugWMQc,70623,IngredientJrFC,336294,ManufacturerKNwp,3414106,DiseaseecOM
8025,DrugVWSf,46093,IngredientTSeM,593524,ManufacturertZwQ,2661910,DiseaseHWTt
5676,DrugCkdr,94742,IngredientQyFf,488164,ManufacturerYBhl,9609512,DiseaseHcxQ
5215,DrugHkXt,69946,IngredientaVrX,351384,ManufacturerfYot,6423264,DiseaseYJYR
2148,DrugufqB,96902,IngredientVmgV,774980,ManufacturerExcj,8242187,DiseasegAff
6598,DrugRfMN,36186,IngredientmQnx,369038,ManufacturerkrmM,4171821,DiseaseNZHi
8768,DrugEGmF,13004,IngredientnyVT,980866,ManufacturerHyzp,3835492,DiseaseKugk
9684,DruggQRY,59585,IngredientQEpk,610544,ManufacturerYHpX,9607368,DiseaseetHb
7609,DrugOgCJ,85884,IngredientrHVp,703424,ManufacturerVqJx,7971442,DiseaseLWnD
2136,DrugMkxq,62457,IngredientIXAl,813828,ManufacturerPSSt,8697700,DiseasernLQ
5646,DrugQJDx,52859,IngredientUpWJ,207583,ManufacturerlLvu,3620770,DiseaseFydg
5285,DrughBqO,63473,IngredientjesP,259628,ManufacturerWYfX,3351305,DiseaseLVKI
8480,DrugXWNE,97732,IngredientuIZg,263212,Manufacturervead,7701777,DiseaseNMgF
7014,DrugQfFZ,33118,IngredientTXBt,574047,ManufacturerXlyj,3233307,DiseaseLLkE
6250,Drugdcxp,90170,IngredientSCuk,233120,ManufacturermnTF,1852012,Diseaserscf
3054,DrugzUSq,84913,IngredientzihX,855351,ManufacturerAzDj,4650417,DiseasepMmA
9142,DrugcEqX,87067,IngredientMjGl,450518,ManufactureriqUC,6862394,DiseaseIQPB
6584,DrugbTNN,53324,IngredientvWPZ,616753,Manufacturerhild,1693584,Diseaseotgi
2680,DrugopPG,61230,IngredientFUEZ,897280,ManufacturerWyBz,1230167,DiseasegUge
3484,DrugkAWl,18668,IngredientepPJ,963294,ManufacturerJxhi,1029252,DiseaseuxfY
5587,DrugDngI,93193,IngredientgNPc,477250,ManufacturervDKV,6352376,DiseaseyjqU
5421,DrugUpvW,93037,IngredientZLrI,914067,ManufacturerQdAi,3892300,DiseaseVavC
5017,Drugicpj,77971,IngredientvsVz,287957,ManufacturerMAEN,3648420,DiseaseAncj
1845,DrugAzQL,18221,IngredientsORP,527006,ManufacturerakDg,2313298,DiseaseKSdo
8025,DrugajEa,96919,IngredientIQcz,559395,ManufacturerNLTb,8086685,DiseaseNPOA
1574,DrugzOrN,34851,IngredientLcVR,381818,ManufacturereeMQ,3488532,DiseaseWjFN
2574,DrugbPKA,29634,IngredientcaEU,971867,Manufacturermnzk,4593403,DiseaseEnuw
1761,DrugbbWs,83293,IngredientMLjJ,576390,ManufacturerNzAu,1563711,DiseasezWWt
2697,DrugUZdz,56319,IngredientwWnk,763442,ManufacturerFDhS,9749785,DiseasebptX
3000,Drugvgqr,84027,Ingredientowgy,479599,ManufacturerJMxa,8113838,DiseaseEkDG
3272,DrugMjzq,11954,IngredientuOCE,366353,ManufacturermZmJ,5019655,DiseaseJkeA
9095,DrugnANM,86688,IngredientiyEa,601653,ManufacturerdywG,8721868,DiseaseOCCf
7372,DrugpAiw,70756,IngredientUHIV,703495,ManufacturerqLfo,4106922,DiseaseqPZe
9330,DrugAFPL,96658,IngredientbHTb,830880,ManufactureryOnX,3067228,DiseaselTPu
8164,DrugBXdL,47292,IngredientCFDa,660142,ManufacturerHJVg,6658495,DiseaseANCG
9802,DrugfrcF,73170,Ingredientmcum,250713,ManufacturerTzaG,9467244,DiseaseiDJH
4352,DrugnkYl,63867,Ingredientlcmo,223398,ManufacturerhrCx,5738669,DiseaseGdWh
7608,DrugHKPP,62746,IngredientPSEN,610117,ManufacturerFRSn,6912606,DiseaseaUHG
8930,DrugqnbK,35383,IngredientRIDT,682363,ManufacturerdPtT,5328840,DiseaseFUkh
5318,DrugtkAX,73260,IngredientniBE,853645,ManufacturerASpF,8546946,DiseaseNpaA
4176,DrugqOQN,89514,IngredientKVHX,882143,ManufacturerwyCb,8772204,Diseaseoona
1069,Drugfmxr,96802,IngredientEjbN,992389,ManufacturerIVKa,1083299,DiseaseuLGT
1921,Drugavqm,49687,IngredientuZof,853270,ManufacturervEBj,2707079,DiseaseTXTN
2883,DrugkLRh,19306,IngredientdIXE,772945,ManufacturerPJYp,2833507,DiseaseoMcd
5942,DrugCysz,67413,IngredientOHTr,993381,ManufacturertUFZ,9848637,Diseasecakf
1978,DrugmFgd,46863,IngredientdTIf,220522,ManufacturerNhhG,4437855,DiseasefsXe
4547,DrugIpax,36629,IngredientZmjb,886921,ManufacturerrvkP,1134348,Diseasefmmi
3345,DrugrIyA,83618,IngredientdRpp,647185,ManufactureryNZe,5128208,DiseaseEWLF
1594,DrughzRK,58316,IngredientkyrR,586299,ManufacturerDUla,6003923,DiseaseFKDu
7800,DrugAZJQ,67990,IngredientimiO,943026,ManufactureriNtr,1159525,DiseasetAri
7032,DrugIbri,96678,IngredienteXSO,522355,ManufactureraqXo,4907494,DiseaseGUnb
3775,DrugLptH,62464,Ingredientaohi,220984,ManufacturerjEEb,2659592,DiseaseKgVj
2909,Drugfeht,39099,IngredientamOj,268956,Manufacturermmjz,9548622,DiseaseuCHZ
1822,DrugGiNG,28785,IngredientfdKE,720826,ManufacturerMAfN,2071138,DiseaseuxWT
7906,DrugGqbY,35928,IngredientSrkI,392675,ManufacturerGBZw,7279382,DiseasemGwX
9596,DrugajQl,64536,IngredientjyyR,370216,ManufacturerDQHF,7967133,DiseaseHbvK
8792,DrugGlLE,74440,IngredientpZKJ,351757,ManufacturerOubf,7159806,DiseasePlYg
8022,DrugYqNh,27035,IngredientGzNG,432912,ManufacturerPlbI,9843363,DiseaseVwTT
9565,DrugNGNl,41659,IngredientHBre,910188,ManufacturerKqwi,9075821,DiseasebScK
6981,DrugOQVm,95961,IngredientZpOz,672156,ManufacturerDXev,2201711,DiseasePbFn
6296,DrugaxZc,81669,IngredientjjkT,132750,ManufacturerEfmT,2405336,DiseaseOsJr
6939,DrugxRAE,54387,IngredientMQGh,695204,ManufacturerJfIS,7288340,DiseaseHoUT
5108,DrugrhUc,15910,IngredientaBms,236616,ManufacturerYrbP,2153598,DiseaseydvZ
2565,DrugSiXW,59104,IngredientViLY,103532,ManufacturerucrT,1592447,DiseaseFDCz
3634,DrugJTXw,32785,IngredientJwHh,347946,ManufacturerTtHR,5512841,DiseaseKkST
8379,DrughMmK,10165,IngredientwmAR,417813,ManufactureroVPX,1588473,DiseasekIrf
5005,DrugmNMT,11290,IngredientcGDK,599309,ManufacturerOTHn,8383573,DiseasejcQK
6350,DrugbjaA,81223,IngredientnXEX,801164,ManufacturerNlsJ,6334015,DiseaseIndD
5733,DrughnyI,93982,IngredientbOsm,992181,ManufacturerUpQP,6528914,DiseaseXRqH
8367,DrugIjXB,90578,IngredientARsa,191295,ManufacturerWzCl,8199041,DiseaselNdf
2518,DrugXAFf,50706,IngredientuVzv,496557,ManufactureruaoS,6271103,DiseaseMsXV
2784,DrugshEe,77669,IngredienthKtY,923832,ManufacturerRlzh,6634635,DiseaseRUJM
6546,DrugyRkE,13623,IngredientgILk,624710,ManufacturerHpqn,2591219,DiseaseZrSD
2628,DrugyKEF,61976,IngredientPvVK,342600,ManufacturernAax,2077324,DiseasePoye
9784,DrugkglV,90122,Ingredientvztu,694136,ManufactureraGFe,2625546,DiseaseMXNS
9261,DrugAqHA,46190,IngredientDuDz,449650,ManufacturerMqJf,5309901,DiseaserRyW
4721,DrugWcYI,25812,IngredientLRwy,732075,ManufacturerVBBn,9144052,DiseaseICBR
3522,DrugfZYn,69312,IngredientUgCX,374469,ManufacturerhKUu,7732588,DiseaseymEL
4192,DrugQwqh,35844,IngredientyIuT,690042,ManufacturerPgeS,5940464,DiseaseggVy
9341,DrugNqvB,45195,IngredientqITJ,717523,ManufacturerzjOF,5529535,DiseaseCijg
4025,Drugzgbl,60996,IngredientSrCx,989555,ManufacturerAiYf,2034926,DiseaseDMqI
7785,DrugWQEP,74385,IngredientoVMw,590281,Manufacturertyln,4754779,DiseaseTAnF
8912,DrugjxtO,30576,IngredientSqxv,734076,ManufacturerikUt,8995395,DiseaseUWmY
3180,DrugfPhY,35940,IngredientPhyp,987915,ManufacturerNJsH,9668452,DiseaseayPs
5108,DrugImgi,65730,IngredientSDrn,993137,ManufacturerQCOF,8621149,DiseaseeaFi
8198,Druglyvr,13639,IngredientTVBe,506292,ManufacturerruHO,8817506,DiseasejYWv
7788,DrugthZe,62284,IngredientTRga,889723,ManufacturerdsQA,8876775,DiseaseSnLv
1664,DrugKlRr,51993,IngredientLtBv,321455,ManufacturerYznO,1925731,DiseaseLqQx
2346,DrugQDUz,94784,IngredientJgUj,745783,ManufacturereDmT,4297604,DiseasexdmT
6963,DruggTLO,48957,IngredientrkrF,141166,ManufactureruUtB,4476128,DiseaseKrcJ
8564,DrugXNyH,73894,Ingredientieqs,992677,ManufactureroQlx,6982700,Diseasejkph
6567,DrugAEWB,57547,IngredientyGXQ,577067,ManufacturerFQxu,9267338,DiseaseJXib
9434,DrugEnvO,29774,IngredientywfR,127865,ManufacturerxSOT,1395435,DiseaseSDNX
6855,DrugXTSN,83776,IngredientSznM,230733,ManufacturerFiaV,2543953,DiseaselqRS
7404,DrugKDuN,82550,IngredientiERN,926138,ManufacturerAfoH,2952014,DiseaseTLrY
9411,DrugXDcr,19472,IngredientuBkT,995855,ManufacturerftIo,8623206,DiseaseTUNI
4419,DrugTkQY,86622,IngredientahPc,143108,ManufacturerIZvB,4989336,DiseaseGIQW
3023,DrugNLbz,81309,IngredientuDih,297860,ManufacturerBGHI,7949194,DiseasesnrD
1282,DrugACWM,95490,IngredientbhOG,570939,ManufacturerAoSa,6829431,DiseaseWHuo
5978,DrugvZXs,74150,IngredientTVSz,973283,ManufacturerrAJt,6297418,DiseaseRMmz
2392,DrugANAO,31843,IngredientZeLJ,816802,ManufacturerWvCL,6583047,DiseasepxCy
4778,DrugRNQt,11327,IngredientlyJq,659911,ManufacturerTZyT,8989442,DiseaseLLsP
8785,DrugnxMe,99368,IngredientkMKt,444739,ManufacturerrjcO,2487978,DiseaseVsds
8551,DrugHWlc,56051,IngredientDdnK,728314,Manufactureriilp,7819020,Diseasevyff
9422,DrugmrdZ,88816,IngredientHoKg,943279,ManufacturerNiQc,7393021,DiseaseUyYl
3314,DrugOVol,33008,IngredientiWkC,422398,ManufacturerUqje,2150962,DiseaseOvVC
9860,DrugOMok,44260,IngredientkgvS,765430,ManufacturergdlQ,9066503,DiseaseiIrc
5954,DrugsIuA,73471,IngredientJSBN,895171,ManufacturerJEOc,9813408,DiseaseLXIi
2246,DruggfCk,30549,IngredientIGIG,166664,ManufacturerQBVP,7396947,DiseaserNMs
4200,DrugSfTC,61722,IngredientPKYm,342722,ManufacturerkDNM,7128012,DiseasedeTg
6635,DrugQxFl,43268,IngredientIcFC,209285,Manufacturermffc,4703583,DiseasevOHf
8444,DrugJjUQ,91350,IngredientVQHG,348716,ManufacturerAhTc,6807981,DiseaseCEYD
7771,Drugwgtn,98743,IngredientDXsf,625178,ManufacturertfYB,2284772,DiseasemZRM
9362,DrugfnJm,90044,IngredientfKfj,409085,ManufacturerRQkx,6109141,DiseaseDuoh
5896,DrugxVQo,52775,IngredientBCCm,851897,ManufactureriaLK,9229668,DiseasedxuP
8817,DrugGuoo,24515,IngredientRJkz,319185,ManufacturerbpDz,9084236,DiseaseRNti
6681,DruglBgK,81346,IngredientqofL,948820,ManufacturerAezI,4337293,DiseaseGldP
3330,DrugSkPW,41681,IngredientUzPH,686076,ManufactureroeDB,1660886,DiseasenRzE
4348,DrugdNBm,93714,IngredientTotN,890959,ManufacturerNTGr,2460397,DiseasexuJy
8065,DrugcRjv,83499,IngredientpTXo,233832,ManufacturerpUVG,8521133,DiseaseozPa
7806,DrugiYUt,25296,IngredientMtyd,301761,ManufacturerTmIc,1267268,DiseasellYM
5336,DrugXfZQ,16997,IngredientcCgQ,249102,ManufacturerCjdc,6858363,DiseasewdLU
4929,DrugXzDZ,78790,IngredientdCFh,674405,ManufacturerMkxT,3467550,DiseaseLWty
5323,DrugPkQp,20484,IngredientPNyZ,116957,ManufacturerXcKg,9520998,DiseaseUUIW
2006,DrugFttI,64765,Ingredientddcj,342671,ManufacturerdoUE,1558486,DiseaseqTDp
7695,DrugMkth,46866,IngredientFCHJ,318040,ManufactureraqAB,5911693,DiseaseDpqi
1431,DrugFKtj,63089,IngredientohSH,441302,ManufactureradMD,9424376,DiseaseXJFz
6751,DrugpXjl,61741,IngredientIcOg,400474,ManufactureryvEM,8472828,DiseaseZYel
2868,DrugxHVi,13465,IngredientzKJR,195220,ManufacturerteVK,6691898,DiseaseXtLv
5054,Druguyet,10166,IngredientrXKn,430442,ManufacturerGEha,7335522,DiseaseIASW
7128,DrugKETS,95696,IngredientAXAz,300963,ManufacturerrUpQ,8203534,DiseaseneOs
4761,DrugwpNI,94478,IngredientUTTb,893414,ManufacturerVJso,4523879,DiseasepTWj
8977,DrugMdFx,16348,IngredientZbLv,830864,ManufacturerPdqm,4443900,DiseaseMXpR
1873,DrugzryL,36843,IngredientQUka,330094,ManufacturerzIyg,2756847,Diseasepcgr
2518,DrugPrAX,81380,IngredientrLZb,827129,ManufacturerqXOU,9613313,DiseasefMWr
1645,DrugMRUL,10169,Ingredientiakd,147503,ManufacturersBqP,5396936,DiseasemVMz
9932,DrugcytH,85616,IngredientKuYC,908402,ManufacturerbHzy,3048112,DiseaseNexU
2764,DrugOzoj,46131,IngredientMoCa,654694,ManufacturerHcno,4534401,DiseaseUaev
3127,DrugyoxT,78796,IngredientZQXm,103843,ManufacturerVlND,5950132,DiseaselRRo
2980,DrugTBVD,31478,IngredienthyeO,844465,ManufactureroHNi,3482831,DiseasenngR
7032,DrugmSpe,74853,IngredientgGQx,299331,ManufacturerCbxb,9701977,DiseasekpnR
4999,DrugCPak,80375,IngredientMblU,728123,ManufacturerhvMj,7897700,DiseaseJBko
8205,DrugNRTg,64653,IngredientlNKy,336056,ManufacturernBsy,1124204,DiseasekRrg
5524,DrugeFHJ,54651,IngredientcvST,736379,ManufacturerURga,8547892,DiseaseQcsL
5063,DrugyLhW,23095,IngredientqReb,207831,ManufacturerswQf,6318337,Diseaseanwt
4491,DrugSfWj,96464,IngredientVggu,172009,ManufacturerqRJe,9613198,DiseasedCfO
5599,DrughGfh,64258,IngredientTMLW,691260,ManufacturerEcYp,1565566,DiseaseEyWV
2804,DrugGlxS,25006,Ingredientlwqp,925673,ManufacturerWHwF,3226277,DiseasenMcU
1042,Drugzbvt,67207,IngredientdgdG,179404,ManufacturerBQnV,5720489,DiseasehrgE
2114,DrugCccz,48042,IngredientODKJ,274592,ManufacturerUEjX,1661127,DiseasegQRc
1096,DrugwkSe,87387,IngredientksyO,333881,ManufacturerVOMX,5869998,DiseasedASK
8497,DrugZdxW,42662,IngredientqOJb,417679,ManufacturerbUgX,8709704,DiseaseTFUr
5920,DrugstoO,62615,IngredientJCeZ,651125,Manufacturerqvjq,7579942,DiseasekHSi
1900,DrugbSPG,88052,IngredientbpCz,982460,ManufacturerYJfN,6327223,DiseaseOnlV
3882,DrugeFOJ,80809,IngredientKDfS,726116,ManufacturerBHVD,1111616,DiseaseYPkY
4162,DrugjJKp,33289,IngredientFCZR,550939,ManufacturergSqA,6487874,DiseaseGLld
2591,DrughVvx,71799,IngredientrxUk,922612,ManufacturerEUCM,3910765,DiseaseiDVZ
2817,Drugunld,84860,IngredientsxAK,522605,ManufacturerRJnf,8409721,DiseasevBJh
8905,DrugbQFo,79523,IngredientYJch,204922,ManufacturerPfjR,9270343,DiseaseqVmg
8963,DrugXqIp,75099,IngredientWlQY,158672,ManufacturerAUfF,1938196,DiseasettFs
8075,DrugkdMM,46688,IngredientAUZB,930048,ManufacturerNcRR,9038033,DiseaseHXTP
9070,DrugCrOV,16561,IngredientHLLp,168838,ManufacturercUTh,6807179,DiseaseBrrd
3518,DruguNSX,26992,IngredientGxdE,658478,ManufactureraRGw,1068466,DiseaseIERO
4425,DrugOCvz,59077,Ingredientejke,865022,ManufacturerZrZs,1259170,DiseasekIDO
1164,DrugKnzF,63290,IngredientOzgI,209517,ManufacturergJtK,6140041,DiseaseVpNA
5456,DrugSRWH,39927,IngredientXIXY,794923,ManufacturerNEwW,7494080,DiseaseeJzn
4600,DrugTcTZ,65337,IngredientcjHv,678792,ManufacturerxbQu,2640703,DiseasedLDB
6471,DrugmvIn,87168,IngredientYBbC,269152,ManufacturereegU,1247716,DiseaseAZJH
1609,DrugDXTd,83177,IngredientNbMz,933065,ManufacturerAReM,6553001,Diseasetblr
7078,DrugrxSP,19981,IngredientyWuN,280773,ManufacturerNtYz,3800773,DiseaseZfJO
9559,DrugiirB,44474,IngredientYKWc,398556,ManufacturerWtAX,9281113,DiseasemsPb
1859,DrugyzaK,82221,IngredientSYqb,102172,ManufacturerEWdV,7159104,DiseaseygFL
4693,DrugMqIw,31481,IngredientIYdE,948274,ManufacturerUzmX,8671492,DiseasexOPW
6223,DruggaqS,86689,IngredientFTxY,276158,ManufacturerVQND,1042564,DiseaseuYES
3127,DrugjXsv,45738,IngredientDRVU,423093,ManufactureriUAW,1637573,DiseaseZATH
8003,DrugCWsB,57095,IngredientuARC,896843,ManufacturerKIWT,2415378,DiseasehwVX
3616,DrugjYZm,64343,IngredientuwMG,683628,ManufacturerdLRy,4399711,DiseaseKmwj
8334,DrugbQuQ,78436,IngredientOitI,653414,ManufacturercXOi,1885109,DiseaseNzQd
2666,DrugDkmq,62491,IngredientmFHJ,394257,ManufacturerMTgn,8830381,DiseaseagBg
3951,DrugQQnT,31588,IngredientsRUc,665462,ManufactureruCKh,9546932,DiseasejTWI
5211,DrugKKxG,23477,IngredientjpCG,708053,ManufacturerwzeK,2900404,DiseasegHAN
9789,DrugzoDP,61008,IngredientEQeL,760885,ManufacturerqPAc,6729872,DiseaseMFMU
3670,DrugVVly,11538,IngredientbUjn,707399,ManufacturerwCxt,7430084,DiseaseWINu
3032,DrugKruV,83202,Ingredientqgib,809310,ManufacturerVliL,7162312,DiseasehXCw
5887,Drugbyxh,46697,IngredientaVtG,209846,ManufacturerBJua,6595002,DiseaseiZbZ
2942,DrugZPjR,55779,IngredientYjbH,861223,ManufacturerbvKb,5104259,DiseaseFtLO
7402,DrugWWRu,51499,IngredientCqTN,416965,ManufacturerVXZo,5667915,DiseasekDVC
2750,DrugJLHs,97270,IngredientAckq,131879,ManufacturerIQGH,1029662,DiseaseCFQW
5393,DrugKlKh,87908,IngredientuGfs,740906,ManufacturerLIRE,1736196,DiseasemxhK
7354,DrugssUv,59419,IngredientKZRR,378779,ManufacturerAVvd,9030687,DiseaseNqyw
8423,DrugoItP,51967,IngredientGvMz,503345,ManufacturerXavq,4086426,DiseaseYRun
6043,Drugszgh,10577,IngredientfRUT,508756,ManufacturerJEkf,8399696,DiseaseWMCZ
1798,DrugipLe,55890,IngredientrdUb,444550,ManufacturerOjBE,7298540,DiseaseboJm
1325,DrugsVbl,28608,IngredientHRcd,383645,ManufacturerQxaq,1629149,DiseaseCOSu
2615,DrugMvEG,44115,IngredientxQlE,396688,ManufacturerVbGS,9662895,DiseaseufsI
4696,DrugVlvz,63176,IngredientlawI,815410,ManufacturerJbvj,8435395,DiseaseYXRg
4851,DrugwbPB,11458,IngredientgmDb,501202,ManufacturerVDhY,1250903,DiseasexPeK
2947,DrugXTbd,11012,IngredientbtAi,241660,ManufacturerTCQf,2522609,DiseaseYUmy
1099,DrugoyiS,74381,IngredientAxcQ,965439,ManufactureranyW,4874999,DiseaseKciY
4464,DrugDtZd,79967,IngredientaDHB,333511,ManufacturerCpFh,4892601,DiseaseWmof
9483,DruglivA,22532,IngredientfWff,437943,ManufacturerEefC,8441013,DiseaseOAbA
5435,DrugngKY,71442,IngredientcfDL,898670,ManufacturerlOYp,3989355,DiseasewFGT
7179,DruggpMP,14033,Ingredienthvtc,611207,ManufacturerJOaq,9999577,DiseaseqLoE
1908,DrugwjRw,38776,IngredientZsdH,950151,ManufactureryTGb,9432332,DiseasenPPr
6870,DrugdLDJ,80371,IngredientXKHj,839608,ManufacturerbqtX,5597494,DiseaseEyKE
9439,DrugYFiT,90236,IngredientsPeG,461468,ManufacturerqjlS,6442216,DiseasepmEv
1873,DrugJPgm,84357,IngredientjfTg,913777,ManufacturerdUgu,2512446,DiseaseiEEE
6707,DrugoSPV,84117,IngredientCGEl,537001,ManufacturermdQs,1902992,DiseasehgMb
8050,DrugmvRb,64780,IngredientSWbk,877285,ManufacturerKiFs,4262107,DiseasesQdC
6531,DrugljKm,87642,IngredientKLyo,765739,ManufacturerSpEk,8810807,DiseaseszQl
9331,DrugOMDS,28330,IngredientzARp,307856,Manufactureryszx,8311669,DiseaserOpo
9040,DrugLpfA,18900,IngredientLHdP,665734,ManufacturerWdJu,6244160,DiseasecLmo
4897,DruguvXA,65098,IngredientmVru,268510,ManufacturerFAaE,3295219,DiseaseyPco
7855,DrugiOwJ,97009,Ingredientsfmz,601772,ManufacturerugOk,5255967,DiseasevqLA
1379,Drugrlkc,60269,IngredienttZBl,296596,ManufacturerhyzS,4224082,DiseaseZaOG
4947,DrugppbH,82859,IngredientVvpr,852694,ManufacturerzskK,7284260,DiseaseDsTG
9277,DrugyVZi,41946,IngredientILsb,722837,ManufacturerkQvM,7638906,DiseaservHD
2328,DrugLinx,73295,IngredientGFvC,894522,ManufacturervyIN,3393513,DiseaseQfgi
7847,DrugxWoc,12062,IngredientyDkf,235670,ManufacturerYudx,7461710,DiseasenfWn
7453,DrugMVJn,31303,IngredientNtuB,752726,ManufacturerUDbe,8339491,DiseasegLgN
1633,DrugfRcK,67290,IngredientNxge,255217,ManufacturerJBaC,6710370,DiseaseKkgz
2479,DrugxqnO,88167,IngredientmjdU,715270,ManufacturerkCgD,6601969,DiseaseirQS
8685,DrugACIs,43480,IngredientkPzr,753253,ManufacturerrUPr,5292742,DiseaseHFky
5929,DrugiGPG,68003,IngredientINSs,159696,ManufactureriBGd,7733210,DiseaseOBvV
7608,DrugHMFX,19324,IngredientXyUj,869445,ManufactureraqBN,9235106,DiseaseMYgo
8894,DrugXxdl,47024,IngredientDXhn,748088,ManufacturerkiHK,1163854,DiseasejumR
2700,DrugbqxV,64861,IngredientSSey,903698,ManufacturerXxsR,9009927,DiseaseUCcY
4381,DrugEgvI,36347,IngredienteZcd,755803,ManufactureraFtj,8946342,DiseaseWcTU
2106,DrugtdEH,19606,IngredientqwYb,629414,ManufacturerxVDx,2928770,DiseaseSqnb
9817,DrugGUgL,90100,IngredientrwUT,913518,ManufacturerHZyp,4314546,DiseaseMBWg
6828,DrugCGpa,59913,IngredientgfPh,398454,ManufacturerBOCb,7737789,DiseasefLXW
7640,DrugZBCd,17749,IngredientwFmY,744204,ManufacturerAzgi,5166090,DiseasegKYg
8623,DrugiHSz,18181,IngredientmVDT,140934,ManufacturerjARv,6434256,DiseaseYfUO
2179,DrugrQcs,40840,IngredientKPLO,684326,ManufacturerVGJu,3453863,DiseaseIqQX
9051,DrugeJNA,78102,IngredientGlMo,164361,ManufacturermZBb,6452975,DiseasexCaA
5866,DrugJFiR,16177,IngredientTsEp,199051,ManufacturerqmNo,2032231,DiseaseUKQt
3187,DrugdWRH,95838,IngredientMopk,151149,ManufacturersxnE,9751834,DiseasecHEq
3277,Drugupzn,27497,IngredientpeCY,998843,Manufacturerhwmi,2938357,DiseaseKvks
6893,DrugMVmS,73926,IngredientgXDb,334417,ManufacturerogJt,6183643,DiseasehpQx
1481,DrugAFXk,12962,IngredientMlEZ,780510,ManufacturerlRuw,2143219,DiseaseaVRC
9638,DrugmXxH,14154,IngredienteHQe,836801,ManufactureryzKz,4452119,DiseaseqwDq
2406,DrugmaYP,11415,IngredientZoeP,317107,ManufacturerYhqU,8024779,DiseasejYPt
2978,DrugRSJb,72592,IngredientiVil,155473,ManufacturerzkrA,8727177,DiseasepNXY
5686,DrugzuUU,24047,IngredientYXEF,994952,ManufacturerXpFJ,6484540,DiseasenOgu
5640,DrugDlDw,75360,IngredientXOMB,713973,ManufacturerHNmA,6057611,DiseaseCFAY
8437,DrugZWhT,27314,IngredientCBIj,485972,ManufacturerEvcJ,8958081,DiseaseBxcV
6518,DrugNSEV,18043,IngredientgLhL,572670,ManufacturerhWbG,4399238,DiseasecuMq
4108,DrugUOHC,96609,IngredientpQCS,845549,ManufacturerNSXI,3662285,DiseaseBmkL
2139,DrugvGZJ,19910,Ingredientsohs,571391,ManufacturerJYwT,7007838,DiseaseeCoe
3029,DrugKXvc,63224,IngredientCDSs,904450,ManufacturerhFvP,5079501,Diseaselzce
9600,DruglVyP,64495,IngredientxYpr,650824,ManufacturerGZGv,3457289,DiseaseAIkS
1432,DrugSNSS,80127,Ingredientcqof,765290,ManufacturerlzOC,3717586,DiseasejFtf
4563,DrugRRwO,90349,IngredientyWEP,273232,ManufacturerFVkg,8840348,DiseaseNqme
4119,DrugAFBl,10766,IngredientEuhu,506763,ManufacturerYaav,5916797,DiseasepIvs
8072,DrugJCnF,13200,IngredientHDfx,916871,Manufacturerwuhn,2961077,DiseaseOJaI
7371,DrugGeBB,15704,IngredientEybY,229855,ManufacturerqmIt,8630822,DiseaseoKbn
9398,DrugrJFF,90941,IngredientJOuQ,384258,ManufacturerDWwO,5034936,DiseaseOPEB
7035,DrugpIMx,97379,IngredientXtab,598563,ManufacturerAwWs,5532151,DiseaseSPMi
2631,DrugWTFg,41639,IngredientGIcC,191251,Manufacturerswad,1721086,DiseasenmPa
9245,DrugdhJH,64129,IngredientbMJH,319113,ManufacturerEAuz,3264624,DiseaseQvAf
3509,DrugJJvQ,22441,IngredientHXOM,791363,ManufacturermdxA,4338118,DiseasewbVs
3058,DrugqNlp,39457,IngredientMXXY,346781,ManufacturerMack,2055695,DiseaseTWbv
7193,DrugCYSo,96090,IngredienttsIL,118043,ManufacturerfMND,9378978,DiseaseuEKP
7018,DrugXqCY,88655,IngredienteGOD,701946,Manufacturersrdz,8794691,DiseaseKwNY
2720,DrugPAuK,34417,IngredientrJNw,823491,ManufacturersSBE,3501979,Diseaselwms
8383,Drugwhls,67546,IngredientirGs,638053,ManufacturerSlMs,7721594,Diseaseqszs
2318,DrugcjAg,52021,IngredientPAjf,412755,ManufacturerDesT,6772240,DiseaseXCNz
2496,DrugPZrP,66705,IngredientHFGQ,155515,ManufacturerPMdc,1955322,DiseaseBjrw
9296,DrugEbaJ,42083,IngredientaTjI,993209,ManufacturerLRJI,7444154,DiseaserTSE
5049,DrugNfkr,34568,IngredientBVyn,266096,ManufacturerGzFj,5107836,Diseasekret
7598,DrugnOMB,43663,IngredientRyai,513069,ManufacturerFHrW,4631944,DiseasevCNG
2403,DrugWgTu,59720,IngredientMwpB,392296,ManufacturerKUBa,7729999,DiseasewCDr
9689,DrugqUnm,27822,IngredientAmCn,852773,ManufacturerRpwf,3199325,DiseaseKsnG
8650,DrugNWXw,30865,IngredientRBAb,437694,ManufacturerLKNI,9315942,DiseaseumCf
1120,DrugEuoO,77854,IngredientGheX,579928,ManufacturerRUtX,3583684,DiseaseOTht
1192,DruggnyJ,44848,IngredienthemO,157193,ManufacturerSBlN,6083435,DiseaseVGVt
9088,DrugYDbC,47723,IngredientaXLC,169817,ManufacturerCdXP,8604621,DiseaseyUHq
3910,DrugiqQT,52348,IngredientUIFt,608762,ManufacturerMrjJ,7621984,DiseasezWUz
7319,DrugLoDC,87237,IngredientiFop,645879,ManufactureragNn,1005690,DiseaseTKgU
1167,DrugkDZy,22248,IngredientiMGv,360259,ManufacturerXDyS,5453613,DiseasehGjY
6213,DrugohkT,60681,IngredienthGfN,858768,ManufacturerYdjP,2998326,DiseaseUmZh
7483,DrugRgaC,62167,IngredientMFpV,298713,ManufacturerQrGA,7846478,DiseasextKn
1631,DrugvHYD,76743,IngredienteHIp,481454,ManufacturerXIPB,7311076,DiseasetQJP
9396,DrugxjHh,68616,IngredientXcro,176629,ManufacturerNcFp,6937389,DiseasetOHs
2889,DrugJKhO,60899,IngredientdIFQ,132472,ManufacturernISt,4229614,DiseaseuIgE
5024,DrugRzBk,70830,IngredienttjHw,812053,ManufactureroGNm,3566349,DiseaseZHOn
5254,DrugBhSS,65109,IngredientkvsC,171176,ManufacturergodO,9925096,DiseaseCOxd
5073,DrugwtXh,54495,IngredientokDG,610456,ManufacturerikVY,1951051,DiseaseXrbX
1019,DrugJxzf,83294,IngredientLYgY,204524,ManufacturerhoCe,5285999,DiseasewRdw
5384,DrugKGPO,38267,IngredientsieX,771381,ManufactureronNg,3257568,Diseasecdss
4115,DrugXvis,52313,IngredientLuYP,338555,ManufacturermMqV,5716795,DiseaseFMwl
4149,DrugbqwE,88527,IngredientNFZD,309235,ManufacturerscSp,1991977,DiseaseYHxe
